"ID";"PagePDF";"Template_Name";"Variant";"Status";"Pos_X";"Pos_Y";"Page_W";"Page_H";"Name";"pin_1";"pin_2";"link";"txt_1";"txt_2";"pg_S1_Page";"pg_S1_Sheets";"pg_S1_=";"pg_S1_+";"pg_S1_txt_1";"pg_S1_txt_2";"pg_S1_txt_3"
"1";"11";"KL_KL_MAX";"A";"approved";"725.67";"655.57";"1192.0";"871.0";"-K0M";"A1";"A2";"/5.1
/5.1
/5.1
/5.7";"3TB4317";"";"5";"23";"= 411";"+ 400A";"forming machine A";"left fan";"411M0"
"2";"12";"KL_KL_MAX";"A";"approved";"725.67";"655.57";"1192.0";"871.0";"-K1M";"A1";"A2";"/6.1
/6.1
/6.1
/6.7";"3TB4317";"";"6";"23";"= 411";"+ 400A";"forming machine A";"right fan";"411M1"
"3";"13";"KL_KL_MAX";"A";"approved";"725.67";"655.57";"1192.0";"871.0";"-K10M";"A1";"A2";"/7.1
/7.1
/7.1
/7.7";"3TB4017";"";"7";"23";"= 411";"+ 400A";"forming machine A";"dosing belt cleaning brush";"411M10"
"4";"14";"KL_KL_MAX";"A";"approved";"725.67";"655.57";"1192.0";"871.0";"-K11M";"A1";"A2";"/8.1
/8.1
/8.1
/8.7";"3TB4017";"";"8";"23";"= 411";"+ 400A";"forming machine A";"rotary combs";"411M11"
"5";"15";"KL_KL_MAX";"A";"approved";"725.67";"655.57";"1192.0";"871.0";"-K13M";"A1";"A2";"/9.1
/9.1
/9.1
/9.7";"3TB4017";"";"9";"23";"= 411";"+ 400A";"forming machine A";"pinned roll";"411M13"
"6";"16";"KL_KL_MAX";"A";"approved";"725.67";"655.57";"1192.0";"871.0";"-K14M";"A1";"A2";"/10.1
/10.1
/10.1
/10.7";"3TB4017";"";"10";"23";"= 411";"+ 400A";"forming machine A";"oscillating flap";"411M14"
"7";"17";"KL_KL_MAX";"A";"approved";"725.67";"655.57";"1192.0";"871.0";"-K15M";"A1";"A2";"/11.1
/11.1
/11.1
/11.7";"3TB4017";"";"11";"23";"= 411";"+ 400A";"forming machine A";"distrbution belt left";"411M15"
"8";"18";"KL_KL_MAX";"A";"approved";"725.67";"655.57";"1192.0";"871.0";"-K16M";"A1";"A2";"/12.1
/12.1
/12.1
/12.7";"3TB4017";"";"12";"23";"= 411";"+ 400A";"forming machine A";"distrbution belt right";"411M16"
"9";"20";"KL_KL_MAX";"A";"approved";"294.8";"621.55";"1192.0";"871.0";"-K17.1M";"A1";"A2";"/13.1
/13.1
/13.1
/13a.7
/13a.3";"3TB4017";"forward";"13a";"23";"= 411";"+ 400A";"forming machine A";"transverse belt";"411M17"
"10";"20";"KL_KL_MAX";"A";"approved";"408.19";"621.55";"1192.0";"871.0";"-K17.2M";"A1";"A2";"/13.2
/13.2
/13.3
/13a.8
/13a.2";"3TB4017";"reverse";"13a";"23";"= 411";"+ 400A";"forming machine A";"transverse belt";"411M17"
"11";"20";"KL_KL_MAX";"A";"approved";"521.57";"621.55";"1192.0";"871.0";"-K17.3M";"A1";"A2";"/13.1
/13.1
/13.1
/13a.7
/13a.5";"3TB4017";"slow";"13a";"23";"= 411";"+ 400A";"forming machine A";"transverse belt";"411M17"
"12";"20";"KL_KL_MAX";"A";"approved";"634.96";"621.55";"1192.0";"871.0";"-K17.4M";"A1";"A2";"/13.2
/13.2
/13.3
/13a.8
/13a.4
/13a.6";"3TB4017";"fast";"13a";"23";"= 411";"+ 400A";"forming machine A";"transverse belt";"411M17"
"13";"20";"KL_KL_MAX";"A";"approved";"748.35";"621.55";"1192.0";"871.0";"-K17.5M";"A1";"A2";"/13.1";"3TB4017";"slowing down";"13a";"23";"= 411";"+ 400A";"forming machine A";"transverse belt";"411M17"
"14";"20";"KL_KL_MAX";"A";"approved";"181.42";"621.55";"1192.0";"871.0";"-KY17B";"A1";"A2";"/13.4
/13.4
/13.4
/13.4
/13a.2
/13a.3";"3TH8262";"brake";"13a";"23";"= 411";"+ 400A";"forming machine A";"transverse belt";"411M17"
"15";"21";"KL_KL_MAX";"A";"approved";"725.67";"655.57";"1192.0";"871.0";"-K18M";"A1";"A2";"/14.1
/14.1
/14.1
/14.7";"3TB4017";"";"14";"23";"= 411";"+ 400A";"forming machine A";"2nd & 3rd screen vibrator";"411M18, 411M19"
"16";"21";"KL_KL_MAX";"A";"approved";"839.06";"655.57";"1192.0";"871.0";"-K19M";"A1";"A2";"/14.3
/14.3
/14.3
/14.7
411M19";"3TB4017";"";"14";"23";"= 411";"+ 400A";"forming machine A";"2nd & 3rd screen vibrator";"411M18, 411M19"
"17";"22";"KL_KL_MAX";"A";"approved";"725.67";"655.57";"1192.0";"871.0";"-K20M";"A1";"A2";"/15.1
/15.1
/15.1
/15.7";"3TB4017";"";"15";"23";"= 411";"+ 400A";"forming machine A";"pinned roll";"411M20"
"18";"23";"KL_KL_MAX";"A";"approved";"725.67";"655.57";"1192.0";"871.0";"-K21M";"A1";"A2";"/16.1
/16.1
/16.1
/16.7";"3TB4017";"";"16";"23";"= 411";"+ 400A";"forming machine A";"slow disk rolls";"411M21"
"19";"24";"KL_KL_MAX";"A";"approved";"725.67";"655.57";"1192.0";"871.0";"-K22M";"A1";"A2";"/17.1
/17.1
/17.1
/17.7";"3TB4017";"";"17";"23";"= 411";"+ 400A";"forming machine A";"disk screen transport belt";"411M22"
"20";"25";"KL_KL_MAX";"A";"approved";"725.67";"655.57";"1192.0";"871.0";"-K23M";"A1";"A2";"/18.1
/18.1
/18.1
/18.7";"3TB4017";"";"18";"23";"= 411";"+ 400A";"forming machine A";"left longitudinal screw conveyor";"411M23"
"21";"26";"KL_KL_MAX";"A";"approved";"725.67";"655.57";"1192.0";"871.0";"-K24M";"A1";"A2";"/19.1
/19.1
/19.1
/19.7";"3TB4017";"";"19";"23";"= 411";"+ 400A";"forming machine A";"right longitudinal screw conveyor";"411M24"
"22";"27";"KL_KL_MAX";"A";"approved";"725.67";"655.57";"1192.0";"871.0";"-K26M";"A1";"A2";"/20.1
/20.1
/20.1
/20.7";"3TB4017";"";"20";"23";"= 411";"+ 400A";"forming machine A";"cleaning brush transport belt";"411M26"
"23";"28";"KL_KL_MAX";"A";"approved";"725.67";"655.57";"1192.0";"871.0";"-K30M";"A1";"A2";"/22.1
/22.1
/22.1
/22.7";"3TB4017";"";"22";"23";"= 411";"+ 400A";"forming machine A";"transversal screw conveyor";"411M30"
"24";"29";"KL_KL_MAX";"A";"approved";"725.67";"655.57";"1192.0";"871.0";"-K31M";"A1";"A2";"/23.1
/23.1
/23.1
/23.7";"3TB4017";"";"23";"23";"= 411";"+ 400A";"forming machine A";"injection screw";"411M31"
"25";"30";"KL_KL_MAX";"A";"approved";"725.67";"655.57";"1192.0";"871.0";"-K32M";"A1";"A2";"/24.1
/24.1
/24.1
/24.7";"3TB4217";"";"24";"23";"= 411";"+ 400A";"forming machine A";"recycling conveyor";"411M32"
"26";"31";"KL_KL_MAX";"A";"approved";"737.01";"655.57";"1192.0";"871.0";"-K33M";"A1";"A2";"/24a.1
/24a.1
/24a.1
/24a.7";"";"";"24a";"23";"= 411";"+ 400A";"forming machine A";"screw ???";"411M33"
"27";"32";"KL_KL_MAX";"A";"approved";"737.01";"655.57";"1192.0";"871.0";"-K34";"A1";"A2";"/24b.1
/24b.1
/24b.1";"";"";"24b";"23";"= 411";"+ 400A";"forming machine A";"vibrator outside";"411M34"
"28";"33";"KL_KL_MAX";"A";"approved";"725.67";"655.57";"1192.0";"871.0";"-K10M";"A1";"A2";"/25.1
/25.1
/25.1
/25.7";"3TB4017";"";"25";"17";"= 413";"+ 400A";"forming machine B";"dosing belt cleaning brush";"413M10"
"29";"34";"KL_KL_MAX";"A";"approved";"725.67";"655.57";"1192.0";"871.0";"-K11M";"A1";"A2";"/26.1
/26.1
/26.1
/26.7";"3TB4017";"";"26";"17";"= 413";"+ 400A";"forming machine B";"rotary combs";"413M11"
"30";"35";"KL_KL_MAX";"A";"approved";"725.67";"655.57";"1192.0";"871.0";"-K13M";"A1";"A2";"/27.1
/27.1
/27.1
/27.7";"3TB4017";"";"27";"17";"= 413";"+ 400A";"forming machine B";"pinned roll";"413M13"
"31";"36";"KL_KL_MAX";"A";"approved";"725.67";"655.57";"1192.0";"871.0";"-K15M";"A1";"A2";"/28.1
/28.1
/28.1
/28.7";"3TB4017";"";"28";"17";"= 413";"+ 400A";"forming machine B";"distrbution belt left";"413M15"
"32";"37";"KL_KL_MAX";"A";"approved";"725.67";"655.57";"1192.0";"871.0";"-K16M";"A1";"A2";"/29.1
/29.1
/29.1
/29.7";"3TB4017";"";"29";"17";"= 413";"+ 400A";"forming machine B";"distrbution belt right";"413M16"
"33";"39";"KL_KL_MAX";"A";"approved";"294.8";"621.55";"1192.0";"871.0";"-K17.1M";"A1";"A2";"/30.1
/30.1
/30.1
/30a.7
/30a.3";"3TB4017";"forward";"30a";"17";"= 413";"+ 400A";"forming machine B";"transverse belt";"413M17"
"34";"39";"KL_KL_MAX";"A";"approved";"408.19";"621.55";"1192.0";"871.0";"-K17.2M";"A1";"A2";"/30.2
/30.2
/30.3
/30a.8
/30a.2";"3TB4017";"reverse";"30a";"17";"= 413";"+ 400A";"forming machine B";"transverse belt";"413M17"
"35";"39";"KL_KL_MAX";"A";"approved";"521.57";"621.55";"1192.0";"871.0";"-K17.3M";"A1";"A2";"/30.1
/30.1
/30.1
/30a.7
/30a.5";"3TB4017";"slow";"30a";"17";"= 413";"+ 400A";"forming machine B";"transverse belt";"413M17"
"36";"39";"KL_KL_MAX";"A";"approved";"634.96";"621.55";"1192.0";"871.0";"-K17.4M";"A1";"A2";"/30.2
/30.2
/30.3
/30a.8
/30a.4
/30a.6";"3TB4017";"fast";"30a";"17";"= 413";"+ 400A";"forming machine B";"transverse belt";"413M17"
"37";"39";"KL_KL_MAX";"A";"approved";"748.35";"621.55";"1192.0";"871.0";"-K17.5M";"A1";"A2";"/30.1";"3TB4017";"slowing down";"30a";"17";"= 413";"+ 400A";"forming machine B";"transverse belt";"413M17"
"38";"39";"KL_KL_MAX";"A";"approved";"181.42";"621.55";"1192.0";"871.0";"-KY17B";"A1";"A2";"/30.4
/30.4
/30.4
/30.4
/30a.2
/30a.3";"3TH8262";"brake";"30a";"17";"= 413";"+ 400A";"forming machine B";"transverse belt";"413M17"
"39";"40";"KL_KL_MAX";"A";"approved";"725.67";"655.57";"1192.0";"871.0";"-K20M";"A1";"A2";"/31.1
/31.1
/31.1
/31.7";"3TB4017";"";"31";"17";"= 413";"+ 400A";"forming machine B";"fast disk rolls";"413M20"
"40";"41";"KL_KL_MAX";"A";"approved";"725.67";"655.57";"1192.0";"871.0";"-K21M";"A1";"A2";"/32.1
/32.1
/32.1
/32.7";"3TB4017";"";"32";"17";"= 413";"+ 400A";"forming machine B";"slow disk rolls";"413M21"
"41";"42";"KL_KL_MAX";"A";"approved";"725.67";"655.57";"1192.0";"871.0";"-K22M";"A1";"A2";"/33.1
/33.1
/33.1
/33.7";"3TB4017";"";"33";"17";"= 413";"+ 400A";"forming machine B";"transport belt";"413M22"
"42";"43";"KL_KL_MAX";"A";"approved";"725.67";"655.57";"1192.0";"871.0";"-K23M";"A1";"A2";"/34.1
/34.1
/34.1
/34.7";"3TB4017";"";"34";"17";"= 413";"+ 400A";"forming machine B";"left longitudinal screw conveyor";"413M23"
"43";"44";"KL_KL_MAX";"A";"approved";"725.67";"655.57";"1192.0";"871.0";"-K24M";"A1";"A2";"/35.1
/35.1
/35.1
/35.7";"3TB4017";"";"35";"17";"= 413";"+ 400A";"forming machine B";"right longitudinal screw conveyor";"413M24"
"44";"45";"KL_KL_MAX";"A";"approved";"725.67";"655.57";"1192.0";"871.0";"-K26M";"A1";"A2";"/36.1
/36.1
/36.1
/36.7";"3TB4017";"";"36";"17";"= 413";"+ 400A";"forming machine B";"cleaning brush transport belt";"413M26"
"45";"46";"KL_KL_MAX";"A";"approved";"725.67";"655.57";"1192.0";"871.0";"-K30M";"A1";"A2";"/38.1
/38.1
/38.1
/38.7";"3TB4017";"";"38";"17";"= 413";"+ 400A";"forming machine B";"transversal screw conveyor belt";"413M30"
"46";"47";"KL_KL_MAX";"A";"approved";"725.67";"655.57";"1192.0";"871.0";"-K31M";"A1";"A2";"/39.1
/39.1
/39.1
/39.7";"3TB4017";"";"39";"17";"= 413";"+ 400A";"forming machine B";"injection screw";"413M31"
"47";"48";"KL_KL_MAX";"A";"approved";"725.67";"655.57";"1192.0";"871.0";"-K32M";"A1";"A2";"/40.1
/40.1
/40.1
/40.7";"3TB4317";"";"40";"17";"= 413";"+ 400A";"forming machine B";"recycling conveyor";"413M32"
"48";"49";"KL_KL_MAX";"A";"approved";"612.28";"621.55";"1192.0";"871.0";"-K3.1M";"A1";"A2";"/41.1
/41.1
/41.1
/41.8
/41.5";"3TB4017";"lift";"41";"3";"= 416";"+ 400A";"equelizing rolls";"height adjustment";"416M3"
"49";"49";"KL_KL_MAX";"A";"approved";"702.99";"621.55";"1192.0";"871.0";"-K3.2M";"A1";"A2";"/41.2
/41.2
/41.3
/41.8
/41.5";"3TB4017";"lower";"41";"3";"= 416";"+ 400A";"equelizing rolls";"height adjustment";"416M3"
"50";"49";"KL_KL_MAX";"A";"approved";"793.7";"621.55";"1192.0";"871.0";"-K3.3M";"A1";"A2";"/41.1
/41.1
/41.1
/41.8
/41.7";"3TB4017";"slow";"41";"3";"= 416";"+ 400A";"equelizing rolls";"height adjustment";"416M3"
"51";"49";"KL_KL_MAX";"A";"approved";"884.41";"621.55";"1192.0";"871.0";"-K3.4M";"A1";"A2";"/41.2
/41.2
/41.3
/41.8
/41.6";"3TB4017";"fast";"41";"3";"= 416";"+ 400A";"equelizing rolls";"height adjustment";"416M3"
"52";"49";"KL_KL_MAX";"A";"approved";"521.57";"621.55";"1192.0";"871.0";"-K03";"A1";"A2";"/41.5
/41.5";"3TH8262";"brake";"41";"3";"= 416";"+ 400A";"equelizing rolls";"height adjustment";"416M3"
"53";"50";"KL_KL_MAX";"A";"approved";"725.67";"655.57";"1192.0";"871.0";"-K6.1M";"A1";"A2";"/42.1
/42.1
/42.1
/42.7
/42.7
lls";"3TB4017";"";"42";"3";"= 416";"+ 400A";"";"width adjustment side traverse rolls";"416M6"
"54";"50";"KL_KL_MAX";"A";"approved";"612.28";"655.57";"1192.0";"871.0";"-K06";"A1";"A2";"/42.6
/42.7
djustment";"3TH8262";"";"42";"3";"= 416";"+ 400A";"";"width adjustment side traverse rolls";"416M6"
"55";"50";"KL_KL_MAX";"A";"approved";"839.06";"655.57";"1192.0";"871.0";"-K6.2M";"A1";"A2";"/42.2
/42.2
/42.2
/42.8
/42.6
416M6";"3TB4017";"";"42";"3";"= 416";"+ 400A";"";"width adjustment side traverse rolls";"416M6"
"56";"51";"KL_KL_MAX";"A";"approved";"725.67";"655.57";"1192.0";"871.0";"-K25.1M";"A1";"A2";"/43.1
/43.1
/43.1
/43.7
/43.7";"3TB4017";"";"43";"3";"= 416";"+ 400A";"";"width adjustment equalizing rolls";"416M25"
"57";"51";"KL_KL_MAX";"A";"approved";"612.28";"655.57";"1192.0";"871.0";"-K25";"A1";"A2";"/43.6
/43.7
djustment";"3TH8262";"";"43";"3";"= 416";"+ 400A";"";"width adjustment equalizing rolls";"416M25"
"58";"51";"KL_KL_MAX";"A";"approved";"839.06";"655.57";"1192.0";"871.0";"-K25.2M";"A1";"A2";"/43.2
/43.2
/43.2
/43.8
/43.6
416M25";"3TB4017";"";"43";"3";"= 416";"+ 400A";"";"width adjustment equalizing rolls";"416M25"
"59";"52";"KL_KL_MAX";"A";"approved";"725.67";"655.57";"1192.0";"871.0";"-K0M";"A1";"A2";"/44.1
/44.1
/44.1
/44.7";"3TB4317";"";"44";"26";"= 418";"+ 400A";"forming machine D";"left fan";"418M0"
"60";"53";"KL_KL_MAX";"A";"approved";"725.67";"655.57";"1192.0";"871.0";"-K1M";"A1";"A2";"/45.1
/45.1
/45.1
/45.7";"3TB4317";"";"45";"26";"= 418";"+ 400A";"forming machine D";"right fan";"418M1"
"61";"54";"KL_KL_MAX";"A";"approved";"725.67";"655.57";"1192.0";"871.0";"-K10M";"A1";"A2";"/46.1
/46.1
/46.1
/46.7";"3TB4017";"";"46";"26";"= 418";"+ 400A";"forming machine D";"dosing belt cleaning brush";"418M10"
"62";"55";"KL_KL_MAX";"A";"approved";"725.67";"655.57";"1192.0";"871.0";"-K11M";"A1";"A2";"/47.1
/47.1
/47.1
/47.7";"3TB4017";"";"47";"26";"= 418";"+ 400A";"forming machine D";"rotary combs";"418M11"
"63";"56";"KL_KL_MAX";"A";"approved";"725.67";"655.57";"1192.0";"871.0";"-K13M";"A1";"A2";"/48.1
/48.1
/48.1
/48.7";"3TB4017";"";"48";"26";"= 418";"+ 400A";"forming machine D";"pinned roll";"418M13"
"64";"57";"KL_KL_MAX";"A";"approved";"725.67";"655.57";"1192.0";"871.0";"-K14M";"A1";"A2";"/49.1
/49.1
/49.1
/49.7";"3TB4017";"";"49";"26";"= 418";"+ 400A";"forming machine D";"oscillating flap";"418M14"
"65";"58";"KL_KL_MAX";"A";"approved";"725.67";"655.57";"1192.0";"871.0";"-K15M";"A1";"A2";"/50.1
/50.1
/50.1
/50.7";"3TB4017";"";"50";"26";"= 418";"+ 400A";"forming machine D";"distrbution belt left";"418M15"
"66";"59";"KL_KL_MAX";"A";"approved";"725.67";"655.57";"1192.0";"871.0";"-K16M";"A1";"A2";"/51.1
/51.1
/51.1
/51.7";"3TB4017";"";"51";"26";"= 418";"+ 400A";"forming machine D";"distrbution belt right";"418M16"
"67";"61";"KL_KL_MAX";"A";"approved";"294.8";"621.55";"1192.0";"871.0";"-K17.1M";"A1";"A2";"/52.1
/52.1
/52.1
/52a.7
/52a.3";"3TB4017";"forward";"52a";"26";"= 418";"+ 400A";"forming machine D";"transverse belt";"418M17"
"68";"61";"KL_KL_MAX";"A";"approved";"408.19";"621.55";"1192.0";"871.0";"-K17.2M";"A1";"A2";"/52.2
/52.2
/52.3
/52a.8
/52a.2";"3TB4017";"reverse";"52a";"26";"= 418";"+ 400A";"forming machine D";"transverse belt";"418M17"
"69";"61";"KL_KL_MAX";"A";"approved";"578.27";"621.55";"1192.0";"871.0";"-K17.3M";"A1";"A2";"/52.1
/52.1
/52.1
/52a.7
/52a.5";"3TB4017";"slow";"52a";"26";"= 418";"+ 400A";"forming machine D";"transverse belt";"418M17"
"70";"61";"KL_KL_MAX";"A";"approved";"691.65";"621.55";"1192.0";"871.0";"-K17.4M";"A1";"A2";"/52.2
/52.2
/52.3
/52a.8
/52a.4
/52a.6";"3TB4017";"fast";"52a";"26";"= 418";"+ 400A";"forming machine D";"transverse belt";"418M17"
"71";"61";"KL_KL_MAX";"A";"approved";"805.04";"621.55";"1192.0";"871.0";"-K17.5M";"A1";"A2";"/52.1";"3TB4017";"slowing down";"52a";"26";"= 418";"+ 400A";"forming machine D";"transverse belt";"418M17"
"72";"61";"KL_KL_MAX";"A";"approved";"181.42";"621.55";"1192.0";"871.0";"-KY17B";"A1";"A2";"/52.4
/52.4
/52.4
/52.4
/52a.2
/52a.3";"3TH8262";"brake";"52a";"26";"= 418";"+ 400A";"forming machine D";"transverse belt";"418M17"
"73";"62";"KL_KL_MAX";"A";"approved";"725.67";"655.57";"1192.0";"871.0";"-K18M";"A1";"A2";"/53.1
/53.1
/53.1
/53.7";"3TB4017";"";"53";"26";"= 418";"+ 400A";"forming machine D";"2nd & 3rd screen vibrator";"418M18, 418M19"
"74";"62";"KL_KL_MAX";"A";"approved";"839.06";"655.57";"1192.0";"871.0";"-K19M";"A1";"A2";"/53.3
/53.3
/53.3
/53.7
418M19";"3TB4017";"";"53";"26";"= 418";"+ 400A";"forming machine D";"2nd & 3rd screen vibrator";"418M18, 418M19"
"75";"63";"KL_KL_MAX";"A";"approved";"725.67";"655.57";"1192.0";"871.0";"-K20M";"A1";"A2";"/54.1
/54.1
/54.1
/54.7";"3TB4017";"";"54";"26";"= 418";"+ 400A";"forming machine D";"fast disk rolls";"418M20"
"76";"64";"KL_KL_MAX";"A";"approved";"725.67";"655.57";"1192.0";"871.0";"-K21M";"A1";"A2";"/55.1
/55.1
/55.1
/55.7";"3TB4017";"";"55";"26";"= 418";"+ 400A";"forming machine D";"slow disk rolls";"418M21"
"77";"65";"KL_KL_MAX";"A";"approved";"725.67";"655.57";"1192.0";"871.0";"-K22M";"A1";"A2";"/56.1
/56.1
/56.1
/56.7";"3TB4017";"";"56";"26";"= 418";"+ 400A";"forming machine D";"transport belt";"418M22"
"78";"66";"KL_KL_MAX";"A";"approved";"725.67";"655.57";"1192.0";"871.0";"-K23M";"A1";"A2";"/57.1
/57.1
/57.1
/57.7";"3TB4017";"";"57";"26";"= 418";"+ 400A";"forming machine D";"left longitudinal screw conveyor";"418M23"
"79";"67";"KL_KL_MAX";"A";"approved";"725.67";"655.57";"1192.0";"871.0";"-K24M";"A1";"A2";"/58.1
/58.1
/58.1
/58.7";"3TB4017";"";"58";"26";"= 418";"+ 400A";"forming machine D";"right longitudinal screw conveyor";"418M24"
"80";"68";"KL_KL_MAX";"A";"approved";"725.67";"655.57";"1192.0";"871.0";"-K26M";"A1";"A2";"/59.1
/59.1
/59.1
/59.7";"3TB4017";"";"59";"26";"= 418";"+ 400A";"forming machine D";"cleaning brush transport belt";"418M26"
"81";"70";"KL_KL_MAX";"A";"approved";"408.19";"621.55";"1192.0";"871.0";"-K2.2M";"A1";"A2";"/59a.4
/59a.4
/59a.4
/59b.4
/59b.6";"";"";"59b";"26";"= 418";"+ 400A";"";"TEXPAN filter fan";"418M4"
"82";"70";"KL_KL_MAX";"A";"approved";"521.57";"621.55";"1192.0";"871.0";"-K2.3M";"A1";"A2";"/59a.2
/59a.2
/59a.3
/59b.3";"";"";"59b";"26";"= 418";"+ 400A";"";"TEXPAN filter fan";"418M4"
"83";"70";"KL_KL_MAX";"A";"approved";"634.96";"621.55";"1192.0";"871.0";"-K2M";"A1";"A2";"/59a.1
/59a.1
/59a.1
/59b.5";"";"";"59b";"26";"= 418";"+ 400A";"";"TEXPAN filter fan";"418M4"
"84";"70";"KL_KL_MAX";"A";"approved";"181.42";"621.55";"1192.0";"871.0";"-K1";"A1";"A2";"/59b.2";"";"";"59b";"26";"= 418";"+ 400A";"";"TEXPAN filter fan";"418M4"
"85";"70";"KL_KL_MAX";"A";"approved";"941.1";"621.55";"1192.0";"871.0";"-K2K";"A1";"A2";"";"";"";"59b";"26";"= 418";"+ 400A";"";"TEXPAN filter fan";"418M4"
"86";"73";"KL_KL_MAX";"A";"approved";"725.67";"655.57";"1192.0";"871.0";"-K30M";"A1";"A2";"/61.1
/61.1
/61.1
/61.7";"3TB4017";"";"61";"26";"= 418";"+ 400A";"forming machine D";"transversal screw conveyor belt";"418M30"
