"ID";"PagePDF";"Template_Name";"Variant";"Status";"Pos_X";"Pos_Y";"Page_W";"Page_H";"Name";"link";"txt_1";"pg_S1_Page";"pg_S1_Sheets";"pg_S1_=";"pg_S1_+";"pg_S1_txt_1";"pg_S1_txt_2";"pg_S1_txt_3"
"1";"6";"BreakPoint_H_1";"A";"approved";"79.37";"65.96";"1192.0";"871.0";"1.8/1L1";"1.8/1L1";"";"2";"8";"= 400";"+ 400A";"";"infeed group 400A";""
"2";"6";"BreakPoint_H_1";"A";"approved";"79.37";"77.3";"1192.0";"871.0";"1.8/1L2";"1.8/1L2";"";"2";"8";"= 400";"+ 400A";"";"infeed group 400A";""
"3";"6";"BreakPoint_H_1";"A";"approved";"79.37";"88.64";"1192.0";"871.0";"1.8/1L3";"1.8/1L3";"";"2";"8";"= 400";"+ 400A";"";"infeed group 400A";""
"4";"7";"BreakPoint_H_1";"A";"approved";"79.37";"65.96";"1192.0";"871.0";"1.8/1L1";"1.8/1L1";"";"3";"8";"= 400";"+ 400A";"";"infeed group 400A";""
"5";"7";"BreakPoint_H_1";"A";"approved";"79.37";"77.3";"1192.0";"871.0";"1.8/1L2";"1.8/1L2";"";"3";"8";"= 400";"+ 400A";"";"infeed group 400A";""
"6";"7";"BreakPoint_H_1";"A";"approved";"79.37";"88.64";"1192.0";"871.0";"1.8/1L3";"1.8/1L3";"";"3";"8";"= 400";"+ 400A";"";"infeed group 400A";""
"7";"11";"BreakPoint_H_1";"A";"approved";"90.71";"65.96";"1192.0";"871.0";"=400/2.2/1L1.12";"=400/2.2/1L1.12";"";"5";"23";"= 411";"+ 400A";"forming machine A";"left fan";"411M0"
"8";"11";"BreakPoint_H_1";"A";"approved";"90.71";"77.3";"1192.0";"871.0";"=400/2.2/1L2.12";"=400/2.2/1L2.12";"";"5";"23";"= 411";"+ 400A";"forming machine A";"left fan";"411M0"
"9";"11";"BreakPoint_H_1";"A";"approved";"90.71";"88.64";"1192.0";"871.0";"=400/2.2/1L3.12";"=400/2.2/1L3.12";"";"5";"23";"= 411";"+ 400A";"forming machine A";"left fan";"411M0"
"10";"12";"BreakPoint_H_1";"A";"approved";"90.71";"65.96";"1192.0";"871.0";"=400/2.2/1L1.12";"=400/2.2/1L1.12";"";"6";"23";"= 411";"+ 400A";"forming machine A";"right fan";"411M1"
"11";"12";"BreakPoint_H_1";"A";"approved";"90.71";"77.3";"1192.0";"871.0";"=400/2.2/1L2.12";"=400/2.2/1L2.12";"";"6";"23";"= 411";"+ 400A";"forming machine A";"right fan";"411M1"
"12";"12";"BreakPoint_H_1";"A";"approved";"90.71";"88.64";"1192.0";"871.0";"=400/2.2/1L3.12";"=400/2.2/1L3.12";"";"6";"23";"= 411";"+ 400A";"forming machine A";"right fan";"411M1"
"13";"13";"BreakPoint_H_1";"A";"approved";"90.71";"65.96";"1192.0";"871.0";"=400/2.2/1L1.12";"=400/2.2/1L1.12";"";"7";"23";"= 411";"+ 400A";"forming machine A";"dosing belt cleaning brush";"411M10"
"14";"13";"BreakPoint_H_1";"A";"approved";"90.71";"77.3";"1192.0";"871.0";"=400/2.2/1L2.12";"=400/2.2/1L2.12";"";"7";"23";"= 411";"+ 400A";"forming machine A";"dosing belt cleaning brush";"411M10"
"15";"13";"BreakPoint_H_1";"A";"approved";"90.71";"88.64";"1192.0";"871.0";"=400/2.2/1L3.12";"=400/2.2/1L3.12";"";"7";"23";"= 411";"+ 400A";"forming machine A";"dosing belt cleaning brush";"411M10"
"16";"14";"BreakPoint_H_1";"A";"approved";"90.71";"65.96";"1192.0";"871.0";"=400/2.2/1L1.12";"=400/2.2/1L1.12";"";"8";"23";"= 411";"+ 400A";"forming machine A";"rotary combs";"411M11"
"17";"14";"BreakPoint_H_1";"A";"approved";"90.71";"77.3";"1192.0";"871.0";"=400/2.2/1L2.12";"=400/2.2/1L2.12";"";"8";"23";"= 411";"+ 400A";"forming machine A";"rotary combs";"411M11"
"18";"14";"BreakPoint_H_1";"A";"approved";"90.71";"88.64";"1192.0";"871.0";"=400/2.2/1L3.12";"=400/2.2/1L3.12";"";"8";"23";"= 411";"+ 400A";"forming machine A";"rotary combs";"411M11"
"19";"15";"BreakPoint_H_1";"A";"approved";"90.71";"65.96";"1192.0";"871.0";"=400/2.3/1L1.13";"=400/2.3/1L1.13";"";"9";"23";"= 411";"+ 400A";"forming machine A";"pinned roll";"411M13"
"20";"15";"BreakPoint_H_1";"A";"approved";"90.71";"77.3";"1192.0";"871.0";"=400/2.3/1L2.13";"=400/2.3/1L2.13";"";"9";"23";"= 411";"+ 400A";"forming machine A";"pinned roll";"411M13"
"21";"15";"BreakPoint_H_1";"A";"approved";"90.71";"88.64";"1192.0";"871.0";"=400/2.3/1L3.13";"=400/2.3/1L3.13";"";"9";"23";"= 411";"+ 400A";"forming machine A";"pinned roll";"411M13"
"22";"16";"BreakPoint_H_1";"A";"approved";"90.71";"65.96";"1192.0";"871.0";"=400/2.3/1L1.13";"=400/2.3/1L1.13";"";"10";"23";"= 411";"+ 400A";"forming machine A";"oscillating flap";"411M14"
"23";"16";"BreakPoint_H_1";"A";"approved";"90.71";"77.3";"1192.0";"871.0";"=400/2.3/1L2.13";"=400/2.3/1L2.13";"";"10";"23";"= 411";"+ 400A";"forming machine A";"oscillating flap";"411M14"
"24";"16";"BreakPoint_H_1";"A";"approved";"90.71";"88.64";"1192.0";"871.0";"=400/2.3/1L3.13";"=400/2.3/1L3.13";"";"10";"23";"= 411";"+ 400A";"forming machine A";"oscillating flap";"411M14"
"25";"17";"BreakPoint_H_1";"A";"approved";"90.71";"65.96";"1192.0";"871.0";"=400/2.3/1L1.13";"=400/2.3/1L1.13";"";"11";"23";"= 411";"+ 400A";"forming machine A";"distrbution belt left";"411M15"
"26";"17";"BreakPoint_H_1";"A";"approved";"90.71";"77.3";"1192.0";"871.0";"=400/2.3/1L2.13";"=400/2.3/1L2.13";"";"11";"23";"= 411";"+ 400A";"forming machine A";"distrbution belt left";"411M15"
"27";"17";"BreakPoint_H_1";"A";"approved";"90.71";"88.64";"1192.0";"871.0";"=400/2.3/1L3.13";"=400/2.3/1L3.13";"";"11";"23";"= 411";"+ 400A";"forming machine A";"distrbution belt left";"411M15"
"28";"18";"BreakPoint_H_1";"A";"approved";"90.71";"65.96";"1192.0";"871.0";"=400/2.3/1L1.13";"=400/2.3/1L1.13";"";"12";"23";"= 411";"+ 400A";"forming machine A";"distrbution belt right";"411M16"
"29";"18";"BreakPoint_H_1";"A";"approved";"90.71";"77.3";"1192.0";"871.0";"=400/2.3/1L2.13";"=400/2.3/1L2.13";"";"12";"23";"= 411";"+ 400A";"forming machine A";"distrbution belt right";"411M16"
"30";"18";"BreakPoint_H_1";"A";"approved";"90.71";"88.64";"1192.0";"871.0";"=400/2.3/1L3.13";"=400/2.3/1L3.13";"";"12";"23";"= 411";"+ 400A";"forming machine A";"distrbution belt right";"411M16"
"31";"19";"BreakPoint_H_1";"A";"approved";"90.71";"65.96";"1192.0";"871.0";"=400/2.3/1L1.13";"=400/2.3/1L1.13";"";"13";"23";"= 411";"+ 400A";"forming machine A";"transverse belt";"411M17"
"32";"19";"BreakPoint_H_1";"A";"approved";"90.71";"77.3";"1192.0";"871.0";"=400/2.3/1L2.13";"=400/2.3/1L2.13";"";"13";"23";"= 411";"+ 400A";"forming machine A";"transverse belt";"411M17"
"33";"19";"BreakPoint_H_1";"A";"approved";"90.71";"88.64";"1192.0";"871.0";"=400/2.3/1L3.13";"=400/2.3/1L3.13";"";"13";"23";"= 411";"+ 400A";"forming machine A";"transverse belt";"411M17"
"34";"21";"BreakPoint_H_1";"A";"approved";"90.71";"65.96";"1192.0";"871.0";"=400/2.3/1L1.13";"=400/2.3/1L1.13";"";"14";"23";"= 411";"+ 400A";"forming machine A";"2nd & 3rd screen vibrator";"411M18, 411M19"
"35";"21";"BreakPoint_H_1";"A";"approved";"90.71";"77.3";"1192.0";"871.0";"=400/2.3/1L2.13";"=400/2.3/1L2.13";"";"14";"23";"= 411";"+ 400A";"forming machine A";"2nd & 3rd screen vibrator";"411M18, 411M19"
"36";"21";"BreakPoint_H_1";"A";"approved";"90.71";"88.64";"1192.0";"871.0";"=400/2.3/1L3.13";"=400/2.3/1L3.13";"";"14";"23";"= 411";"+ 400A";"forming machine A";"2nd & 3rd screen vibrator";"411M18, 411M19"
"37";"22";"BreakPoint_H_1";"A";"approved";"90.71";"65.96";"1192.0";"871.0";"=400/2.3/1L1.13";"=400/2.3/1L1.13";"";"15";"23";"= 411";"+ 400A";"forming machine A";"pinned roll";"411M20"
"38";"22";"BreakPoint_H_1";"A";"approved";"90.71";"77.3";"1192.0";"871.0";"=400/2.3/1L2.13";"=400/2.3/1L2.13";"";"15";"23";"= 411";"+ 400A";"forming machine A";"pinned roll";"411M20"
"39";"22";"BreakPoint_H_1";"A";"approved";"90.71";"88.64";"1192.0";"871.0";"=400/2.3/1L3.13";"=400/2.3/1L3.13";"";"15";"23";"= 411";"+ 400A";"forming machine A";"pinned roll";"411M20"
"40";"23";"BreakPoint_H_1";"A";"approved";"90.71";"65.96";"1192.0";"871.0";"=400/2.3/1L1.13";"=400/2.3/1L1.13";"";"16";"23";"= 411";"+ 400A";"forming machine A";"slow disk rolls";"411M21"
"41";"23";"BreakPoint_H_1";"A";"approved";"90.71";"77.3";"1192.0";"871.0";"=400/2.3/1L2.13";"=400/2.3/1L2.13";"";"16";"23";"= 411";"+ 400A";"forming machine A";"slow disk rolls";"411M21"
"42";"23";"BreakPoint_H_1";"A";"approved";"90.71";"88.64";"1192.0";"871.0";"=400/2.3/1L3.13";"=400/2.3/1L3.13";"";"16";"23";"= 411";"+ 400A";"forming machine A";"slow disk rolls";"411M21"
"43";"24";"BreakPoint_H_1";"A";"pending";"90.71";"65.96";"1192.0";"871.0";"=400/2.3/1L1.13";"=400/2.3/1L1.13";"";"17";"23";"= 411";"+ 400A";"forming machine A";"disk screen transport belt";"411M22"
"44";"24";"BreakPoint_H_1";"A";"pending";"90.71";"77.3";"1192.0";"871.0";"=400/2.3/1L2.13";"=400/2.3/1L2.13";"";"17";"23";"= 411";"+ 400A";"forming machine A";"disk screen transport belt";"411M22"
"45";"24";"BreakPoint_H_1";"A";"pending";"90.71";"88.64";"1192.0";"871.0";"=400/2.3/1L3.13";"=400/2.3/1L3.13";"";"17";"23";"= 411";"+ 400A";"forming machine A";"disk screen transport belt";"411M22"
"46";"25";"BreakPoint_H_1";"A";"pending";"90.71";"65.96";"1192.0";"871.0";"=400/2.3/1L1.13";"=400/2.3/1L1.13";"";"18";"23";"= 411";"+ 400A";"forming machine A";"left longitudinal screw conveyor";"411M23"
"47";"25";"BreakPoint_H_1";"A";"pending";"90.71";"77.3";"1192.0";"871.0";"=400/2.3/1L2.13";"=400/2.3/1L2.13";"";"18";"23";"= 411";"+ 400A";"forming machine A";"left longitudinal screw conveyor";"411M23"
"48";"25";"BreakPoint_H_1";"A";"pending";"90.71";"88.64";"1192.0";"871.0";"=400/2.3/1L3.13";"=400/2.3/1L3.13";"";"18";"23";"= 411";"+ 400A";"forming machine A";"left longitudinal screw conveyor";"411M23"
"49";"26";"BreakPoint_H_1";"A";"pending";"90.71";"65.96";"1192.0";"871.0";"=400/2.3/1L1.13";"=400/2.3/1L1.13";"";"19";"23";"= 411";"+ 400A";"forming machine A";"right longitudinal screw conveyor";"411M24"
"50";"26";"BreakPoint_H_1";"A";"pending";"90.71";"77.3";"1192.0";"871.0";"=400/2.3/1L2.13";"=400/2.3/1L2.13";"";"19";"23";"= 411";"+ 400A";"forming machine A";"right longitudinal screw conveyor";"411M24"
"51";"26";"BreakPoint_H_1";"A";"pending";"90.71";"88.64";"1192.0";"871.0";"=400/2.3/1L3.13";"=400/2.3/1L3.13";"";"19";"23";"= 411";"+ 400A";"forming machine A";"right longitudinal screw conveyor";"411M24"
"52";"27";"BreakPoint_H_1";"A";"pending";"90.71";"65.96";"1192.0";"871.0";"=400/2.3/1L1.13";"=400/2.3/1L1.13";"";"20";"23";"= 411";"+ 400A";"forming machine A";"cleaning brush transport belt";"411M26"
"53";"27";"BreakPoint_H_1";"A";"pending";"90.71";"77.3";"1192.0";"871.0";"=400/2.3/1L2.13";"=400/2.3/1L2.13";"";"20";"23";"= 411";"+ 400A";"forming machine A";"cleaning brush transport belt";"411M26"
"54";"27";"BreakPoint_H_1";"A";"pending";"90.71";"88.64";"1192.0";"871.0";"=400/2.3/1L3.13";"=400/2.3/1L3.13";"";"20";"23";"= 411";"+ 400A";"forming machine A";"cleaning brush transport belt";"411M26"
"55";"28";"BreakPoint_H_1";"A";"pending";"90.71";"65.96";"1192.0";"871.0";"=400/2.3/1L1.13";"=400/2.3/1L1.13";"";"22";"23";"= 411";"+ 400A";"forming machine A";"transversal screw conveyor";"411M30"
"56";"28";"BreakPoint_H_1";"A";"pending";"90.71";"77.3";"1192.0";"871.0";"=400/2.3/1L2.13";"=400/2.3/1L2.13";"";"22";"23";"= 411";"+ 400A";"forming machine A";"transversal screw conveyor";"411M30"
"57";"28";"BreakPoint_H_1";"A";"pending";"90.71";"88.64";"1192.0";"871.0";"=400/2.3/1L3.13";"=400/2.3/1L3.13";"";"22";"23";"= 411";"+ 400A";"forming machine A";"transversal screw conveyor";"411M30"
"58";"29";"BreakPoint_H_1";"A";"pending";"90.71";"65.96";"1192.0";"871.0";"=400/2.3/1L1.13";"=400/2.3/1L1.13";"";"23";"23";"= 411";"+ 400A";"forming machine A";"injection screw";"411M31"
"59";"29";"BreakPoint_H_1";"A";"pending";"90.71";"77.3";"1192.0";"871.0";"=400/2.3/1L2.13";"=400/2.3/1L2.13";"";"23";"23";"= 411";"+ 400A";"forming machine A";"injection screw";"411M31"
"60";"29";"BreakPoint_H_1";"A";"pending";"90.71";"88.64";"1192.0";"871.0";"=400/2.3/1L3.13";"=400/2.3/1L3.13";"";"23";"23";"= 411";"+ 400A";"forming machine A";"injection screw";"411M31"
"61";"30";"BreakPoint_H_1";"A";"pending";"90.71";"65.96";"1192.0";"871.0";"=400/2.4/1L1.14";"=400/2.4/1L1.14";"";"24";"23";"= 411";"+ 400A";"forming machine A";"recycling conveyor";"411M32"
"62";"30";"BreakPoint_H_1";"A";"pending";"90.71";"77.3";"1192.0";"871.0";"=400/2.4/1L2.14";"=400/2.4/1L2.14";"";"24";"23";"= 411";"+ 400A";"forming machine A";"recycling conveyor";"411M32"
"63";"30";"BreakPoint_H_1";"A";"pending";"90.71";"88.64";"1192.0";"871.0";"=400/2.4/1L3.14";"=400/2.4/1L3.14";"";"24";"23";"= 411";"+ 400A";"forming machine A";"recycling conveyor";"411M32"
"64";"31";"BreakPoint_H_1";"A";"pending";"90.71";"65.96";"1192.0";"871.0";"24b.0/1F14R";"24b.0/1F14R";"";"24a";"23";"= 411";"+ 400A";"forming machine A";"screw ???";"411M33"
"65";"31";"BreakPoint_H_1";"A";"pending";"90.71";"77.3";"1192.0";"871.0";"24b.0/1F14S";"24b.0/1F14S";"";"24a";"23";"= 411";"+ 400A";"forming machine A";"screw ???";"411M33"
"66";"31";"BreakPoint_H_1";"A";"pending";"90.71";"88.64";"1192.0";"871.0";"24b.0/1F14T";"24b.0/1F14T";"";"24a";"23";"= 411";"+ 400A";"forming machine A";"screw ???";"411M33"
"67";"32";"BreakPoint_H_1";"A";"pending";"90.71";"65.96";"1192.0";"871.0";"24a.0/1F14R";"24a.0/1F14R";"";"24b";"23";"= 411";"+ 400A";"forming machine A";"vibrator outside";"411M34"
"68";"32";"BreakPoint_H_1";"A";"pending";"90.71";"77.3";"1192.0";"871.0";"24a.0/1F14S";"24a.0/1F14S";"";"24b";"23";"= 411";"+ 400A";"forming machine A";"vibrator outside";"411M34"
"69";"32";"BreakPoint_H_1";"A";"pending";"90.71";"88.64";"1192.0";"871.0";"24a.0/1F14T";"24a.0/1F14T";"";"24b";"23";"= 411";"+ 400A";"forming machine A";"vibrator outside";"411M34"
"70";"33";"BreakPoint_H_1";"A";"pending";"90.71";"65.96";"1192.0";"871.0";"=400/2.4/1L1.14";"=400/2.4/1L1.14";"";"25";"17";"= 413";"+ 400A";"forming machine B";"dosing belt cleaning brush";"413M10"
"71";"33";"BreakPoint_H_1";"A";"pending";"90.71";"77.3";"1192.0";"871.0";"=400/2.4/1L2.14";"=400/2.4/1L2.14";"";"25";"17";"= 413";"+ 400A";"forming machine B";"dosing belt cleaning brush";"413M10"
"72";"33";"BreakPoint_H_1";"A";"pending";"90.71";"88.64";"1192.0";"871.0";"=400/2.4/1L3.14";"=400/2.4/1L3.14";"";"25";"17";"= 413";"+ 400A";"forming machine B";"dosing belt cleaning brush";"413M10"
"73";"34";"BreakPoint_H_1";"A";"pending";"90.71";"65.96";"1192.0";"871.0";"=400/2.4/1L1.14";"=400/2.4/1L1.14";"";"26";"17";"= 413";"+ 400A";"forming machine B";"rotary combs";"413M11"
"74";"34";"BreakPoint_H_1";"A";"pending";"90.71";"77.3";"1192.0";"871.0";"=400/2.4/1L2.14";"=400/2.4/1L2.14";"";"26";"17";"= 413";"+ 400A";"forming machine B";"rotary combs";"413M11"
"75";"34";"BreakPoint_H_1";"A";"pending";"90.71";"88.64";"1192.0";"871.0";"=400/2.4/1L3.14";"=400/2.4/1L3.14";"";"26";"17";"= 413";"+ 400A";"forming machine B";"rotary combs";"413M11"
"76";"35";"BreakPoint_H_1";"A";"pending";"90.71";"65.96";"1192.0";"871.0";"=400/2.4/1L1.14";"=400/2.4/1L1.14";"";"27";"17";"= 413";"+ 400A";"forming machine B";"pinned roll";"413M13"
"77";"35";"BreakPoint_H_1";"A";"pending";"90.71";"77.3";"1192.0";"871.0";"=400/2.4/1L2.14";"=400/2.4/1L2.14";"";"27";"17";"= 413";"+ 400A";"forming machine B";"pinned roll";"413M13"
"78";"35";"BreakPoint_H_1";"A";"pending";"90.71";"88.64";"1192.0";"871.0";"=400/2.4/1L3.14";"=400/2.4/1L3.14";"";"27";"17";"= 413";"+ 400A";"forming machine B";"pinned roll";"413M13"
"79";"36";"BreakPoint_H_1";"A";"pending";"90.71";"65.96";"1192.0";"871.0";"=400/2.4/1L1.14";"=400/2.4/1L1.14";"";"28";"17";"= 413";"+ 400A";"forming machine B";"distrbution belt left";"413M15"
"80";"36";"BreakPoint_H_1";"A";"pending";"90.71";"77.3";"1192.0";"871.0";"=400/2.4/1L2.14";"=400/2.4/1L2.14";"";"28";"17";"= 413";"+ 400A";"forming machine B";"distrbution belt left";"413M15"
"81";"36";"BreakPoint_H_1";"A";"pending";"90.71";"88.64";"1192.0";"871.0";"=400/2.4/1L3.14";"=400/2.4/1L3.14";"";"28";"17";"= 413";"+ 400A";"forming machine B";"distrbution belt left";"413M15"
"82";"37";"BreakPoint_H_1";"A";"pending";"90.71";"65.96";"1192.0";"871.0";"=400/2.4/1L1.14";"=400/2.4/1L1.14";"";"29";"17";"= 413";"+ 400A";"forming machine B";"distrbution belt right";"413M16"
"83";"37";"BreakPoint_H_1";"A";"pending";"90.71";"77.3";"1192.0";"871.0";"=400/2.4/1L2.14";"=400/2.4/1L2.14";"";"29";"17";"= 413";"+ 400A";"forming machine B";"distrbution belt right";"413M16"
"84";"37";"BreakPoint_H_1";"A";"pending";"90.71";"88.64";"1192.0";"871.0";"=400/2.4/1L3.14";"=400/2.4/1L3.14";"";"29";"17";"= 413";"+ 400A";"forming machine B";"distrbution belt right";"413M16"
"85";"38";"BreakPoint_H_1";"A";"pending";"90.71";"65.96";"1192.0";"871.0";"=400/2.4/1L1.14";"=400/2.4/1L1.14";"";"30";"17";"= 413";"+ 400A";"forming machine B";"transverse belt";"413M17"
"86";"38";"BreakPoint_H_1";"A";"pending";"90.71";"77.3";"1192.0";"871.0";"=400/2.4/1L2.14";"=400/2.4/1L2.14";"";"30";"17";"= 413";"+ 400A";"forming machine B";"transverse belt";"413M17"
"87";"38";"BreakPoint_H_1";"A";"pending";"90.71";"88.64";"1192.0";"871.0";"=400/2.4/1L3.14";"=400/2.4/1L3.14";"";"30";"17";"= 413";"+ 400A";"forming machine B";"transverse belt";"413M17"
"88";"40";"BreakPoint_H_1";"A";"pending";"90.71";"65.96";"1192.0";"871.0";"=400/2.4/1L1.14";"=400/2.4/1L1.14";"";"31";"17";"= 413";"+ 400A";"forming machine B";"fast disk rolls";"413M20"
"89";"40";"BreakPoint_H_1";"A";"pending";"90.71";"77.3";"1192.0";"871.0";"=400/2.4/1L2.14";"=400/2.4/1L2.14";"";"31";"17";"= 413";"+ 400A";"forming machine B";"fast disk rolls";"413M20"
"90";"40";"BreakPoint_H_1";"A";"pending";"90.71";"88.64";"1192.0";"871.0";"=400/2.4/1L3.14";"=400/2.4/1L3.14";"";"31";"17";"= 413";"+ 400A";"forming machine B";"fast disk rolls";"413M20"
"91";"41";"BreakPoint_H_1";"A";"pending";"90.71";"65.96";"1192.0";"871.0";"=400/2.4/1L1.14";"=400/2.4/1L1.14";"";"32";"17";"= 413";"+ 400A";"forming machine B";"slow disk rolls";"413M21"
"92";"41";"BreakPoint_H_1";"A";"pending";"90.71";"77.3";"1192.0";"871.0";"=400/2.4/1L2.14";"=400/2.4/1L2.14";"";"32";"17";"= 413";"+ 400A";"forming machine B";"slow disk rolls";"413M21"
"93";"41";"BreakPoint_H_1";"A";"pending";"90.71";"88.64";"1192.0";"871.0";"=400/2.4/1L3.14";"=400/2.4/1L3.14";"";"32";"17";"= 413";"+ 400A";"forming machine B";"slow disk rolls";"413M21"
"94";"42";"BreakPoint_H_1";"A";"pending";"90.71";"65.96";"1192.0";"871.0";"=400/2.4/1L1.14";"=400/2.4/1L1.14";"";"33";"17";"= 413";"+ 400A";"forming machine B";"transport belt";"413M22"
"95";"42";"BreakPoint_H_1";"A";"pending";"90.71";"77.3";"1192.0";"871.0";"=400/2.4/1L2.14";"=400/2.4/1L2.14";"";"33";"17";"= 413";"+ 400A";"forming machine B";"transport belt";"413M22"
"96";"42";"BreakPoint_H_1";"A";"pending";"90.71";"88.64";"1192.0";"871.0";"=400/2.4/1L3.14";"=400/2.4/1L3.14";"";"33";"17";"= 413";"+ 400A";"forming machine B";"transport belt";"413M22"
"97";"43";"BreakPoint_H_1";"A";"pending";"90.71";"65.96";"1192.0";"871.0";"=400/2.4/1L1.14";"=400/2.4/1L1.14";"";"34";"17";"= 413";"+ 400A";"forming machine B";"left longitudinal screw conveyor";"413M23"
"98";"43";"BreakPoint_H_1";"A";"pending";"90.71";"77.3";"1192.0";"871.0";"=400/2.4/1L2.14";"=400/2.4/1L2.14";"";"34";"17";"= 413";"+ 400A";"forming machine B";"left longitudinal screw conveyor";"413M23"
"99";"43";"BreakPoint_H_1";"A";"pending";"90.71";"88.64";"1192.0";"871.0";"=400/2.4/1L3.14";"=400/2.4/1L3.14";"";"34";"17";"= 413";"+ 400A";"forming machine B";"left longitudinal screw conveyor";"413M23"
"100";"44";"BreakPoint_H_1";"A";"pending";"90.71";"65.96";"1192.0";"871.0";"=400/2.4/1L1.14";"=400/2.4/1L1.14";"";"35";"17";"= 413";"+ 400A";"forming machine B";"right longitudinal screw conveyor";"413M24"
"101";"44";"BreakPoint_H_1";"A";"pending";"90.71";"77.3";"1192.0";"871.0";"=400/2.4/1L2.14";"=400/2.4/1L2.14";"";"35";"17";"= 413";"+ 400A";"forming machine B";"right longitudinal screw conveyor";"413M24"
"102";"44";"BreakPoint_H_1";"A";"pending";"90.71";"88.64";"1192.0";"871.0";"=400/2.4/1L3.14";"=400/2.4/1L3.14";"";"35";"17";"= 413";"+ 400A";"forming machine B";"right longitudinal screw conveyor";"413M24"
"103";"45";"BreakPoint_H_1";"A";"pending";"90.71";"65.96";"1192.0";"871.0";"=400/2.5/1L1.15";"=400/2.5/1L1.15";"";"36";"17";"= 413";"+ 400A";"forming machine B";"cleaning brush transport belt";"413M26"
"104";"45";"BreakPoint_H_1";"A";"pending";"90.71";"77.3";"1192.0";"871.0";"=400/2.5/1L2.15";"=400/2.5/1L2.15";"";"36";"17";"= 413";"+ 400A";"forming machine B";"cleaning brush transport belt";"413M26"
"105";"45";"BreakPoint_H_1";"A";"pending";"90.71";"88.64";"1192.0";"871.0";"=400/2.5/1L3.15";"=400/2.5/1L3.15";"";"36";"17";"= 413";"+ 400A";"forming machine B";"cleaning brush transport belt";"413M26"
"106";"46";"BreakPoint_H_1";"A";"pending";"90.71";"65.96";"1192.0";"871.0";"=400/2.5/1L1.15";"=400/2.5/1L1.15";"";"38";"17";"= 413";"+ 400A";"forming machine B";"transversal screw conveyor belt";"413M30"
"107";"46";"BreakPoint_H_1";"A";"pending";"90.71";"77.3";"1192.0";"871.0";"=400/2.5/1L2.15";"=400/2.5/1L2.15";"";"38";"17";"= 413";"+ 400A";"forming machine B";"transversal screw conveyor belt";"413M30"
"108";"46";"BreakPoint_H_1";"A";"pending";"90.71";"88.64";"1192.0";"871.0";"=400/2.5/1L3.15";"=400/2.5/1L3.15";"";"38";"17";"= 413";"+ 400A";"forming machine B";"transversal screw conveyor belt";"413M30"
"109";"47";"BreakPoint_H_1";"A";"pending";"90.71";"65.96";"1192.0";"871.0";"=400/2.5/1L1.15";"=400/2.5/1L1.15";"";"39";"17";"= 413";"+ 400A";"forming machine B";"injection screw";"413M31"
"110";"47";"BreakPoint_H_1";"A";"pending";"90.71";"77.3";"1192.0";"871.0";"=400/2.5/1L2.15";"=400/2.5/1L2.15";"";"39";"17";"= 413";"+ 400A";"forming machine B";"injection screw";"413M31"
"111";"47";"BreakPoint_H_1";"A";"pending";"90.71";"88.64";"1192.0";"871.0";"=400/2.5/1L3.15";"=400/2.5/1L3.15";"";"39";"17";"= 413";"+ 400A";"forming machine B";"injection screw";"413M31"
"112";"48";"BreakPoint_H_1";"A";"pending";"90.71";"65.96";"1192.0";"871.0";"=400/2.5/1L1.15";"=400/2.5/1L1.15";"";"40";"17";"= 413";"+ 400A";"forming machine B";"recycling conveyor";"413M32"
"113";"48";"BreakPoint_H_1";"A";"pending";"90.71";"77.3";"1192.0";"871.0";"=400/2.5/1L2.15";"=400/2.5/1L2.15";"";"40";"17";"= 413";"+ 400A";"forming machine B";"recycling conveyor";"413M32"
"114";"48";"BreakPoint_H_1";"A";"pending";"90.71";"88.64";"1192.0";"871.0";"=400/2.5/1L3.15";"=400/2.5/1L3.15";"";"40";"17";"= 413";"+ 400A";"forming machine B";"recycling conveyor";"413M32"
"115";"49";"BreakPoint_H_1";"A";"pending";"90.71";"65.96";"1192.0";"871.0";"=400/2.5/1L1.15";"=400/2.5/1L1.15";"";"41";"3";"= 416";"+ 400A";"equelizing rolls";"height adjustment";"416M3"
"116";"49";"BreakPoint_H_1";"A";"pending";"90.71";"77.3";"1192.0";"871.0";"=400/2.5/1L2.15";"=400/2.5/1L2.15";"";"41";"3";"= 416";"+ 400A";"equelizing rolls";"height adjustment";"416M3"
"117";"49";"BreakPoint_H_1";"A";"pending";"90.71";"88.64";"1192.0";"871.0";"=400/2.5/1L3.15";"=400/2.5/1L3.15";"";"41";"3";"= 416";"+ 400A";"equelizing rolls";"height adjustment";"416M3"
"118";"50";"BreakPoint_H_1";"A";"pending";"90.71";"65.96";"1192.0";"871.0";"=400/2.5/1L1.15";"=400/2.5/1L1.15";"";"42";"3";"= 416";"+ 400A";"";"width adjustment side traverse rolls";"416M6"
"119";"50";"BreakPoint_H_1";"A";"pending";"90.71";"77.3";"1192.0";"871.0";"=400/2.5/1L2.15";"=400/2.5/1L2.15";"";"42";"3";"= 416";"+ 400A";"";"width adjustment side traverse rolls";"416M6"
"120";"50";"BreakPoint_H_1";"A";"pending";"90.71";"88.64";"1192.0";"871.0";"=400/2.5/1L3.15";"=400/2.5/1L3.15";"";"42";"3";"= 416";"+ 400A";"";"width adjustment side traverse rolls";"416M6"
"121";"51";"BreakPoint_H_1";"A";"pending";"90.71";"65.96";"1192.0";"871.0";"=400/2.5/1L1.15";"=400/2.5/1L1.15";"";"43";"3";"= 416";"+ 400A";"";"width adjustment equalizing rolls";"416M25"
"122";"51";"BreakPoint_H_1";"A";"pending";"90.71";"77.3";"1192.0";"871.0";"=400/2.5/1L2.15";"=400/2.5/1L2.15";"";"43";"3";"= 416";"+ 400A";"";"width adjustment equalizing rolls";"416M25"
"123";"51";"BreakPoint_H_1";"A";"pending";"90.71";"88.64";"1192.0";"871.0";"=400/2.5/1L3.15";"=400/2.5/1L3.15";"";"43";"3";"= 416";"+ 400A";"";"width adjustment equalizing rolls";"416M25"
"124";"52";"BreakPoint_H_1";"A";"pending";"90.71";"65.96";"1192.0";"871.0";"=400/2.6/1L1.16";"=400/2.6/1L1.16";"";"44";"26";"= 418";"+ 400A";"forming machine D";"left fan";"418M0"
"125";"52";"BreakPoint_H_1";"A";"pending";"90.71";"77.3";"1192.0";"871.0";"=400/2.6/1L2.16";"=400/2.6/1L2.16";"";"44";"26";"= 418";"+ 400A";"forming machine D";"left fan";"418M0"
"126";"52";"BreakPoint_H_1";"A";"pending";"90.71";"88.64";"1192.0";"871.0";"=400/2.6/1L3.16";"=400/2.6/1L3.16";"";"44";"26";"= 418";"+ 400A";"forming machine D";"left fan";"418M0"
"127";"53";"BreakPoint_H_1";"A";"pending";"90.71";"65.96";"1192.0";"871.0";"=400/2.6/1L1.16";"=400/2.6/1L1.16";"";"45";"26";"= 418";"+ 400A";"forming machine D";"right fan";"418M1"
"128";"53";"BreakPoint_H_1";"A";"pending";"90.71";"77.3";"1192.0";"871.0";"=400/2.6/1L2.16";"=400/2.6/1L2.16";"";"45";"26";"= 418";"+ 400A";"forming machine D";"right fan";"418M1"
"129";"53";"BreakPoint_H_1";"A";"pending";"90.71";"88.64";"1192.0";"871.0";"=400/2.6/1L3.16";"=400/2.6/1L3.16";"";"45";"26";"= 418";"+ 400A";"forming machine D";"right fan";"418M1"
"130";"54";"BreakPoint_H_1";"A";"pending";"90.71";"65.96";"1192.0";"871.0";"=400/2.6/1L1.16";"=400/2.6/1L1.16";"";"46";"26";"= 418";"+ 400A";"forming machine D";"dosing belt cleaning brush";"418M10"
"131";"54";"BreakPoint_H_1";"A";"pending";"90.71";"77.3";"1192.0";"871.0";"=400/2.6/1L2.16";"=400/2.6/1L2.16";"";"46";"26";"= 418";"+ 400A";"forming machine D";"dosing belt cleaning brush";"418M10"
"132";"54";"BreakPoint_H_1";"A";"pending";"90.71";"88.64";"1192.0";"871.0";"=400/2.6/1L3.16";"=400/2.6/1L3.16";"";"46";"26";"= 418";"+ 400A";"forming machine D";"dosing belt cleaning brush";"418M10"
"133";"55";"BreakPoint_H_1";"A";"pending";"90.71";"65.96";"1192.0";"871.0";"=400/2.6/1L1.16";"=400/2.6/1L1.16";"";"47";"26";"= 418";"+ 400A";"forming machine D";"rotary combs";"418M11"
"134";"55";"BreakPoint_H_1";"A";"pending";"90.71";"77.3";"1192.0";"871.0";"=400/2.6/1L2.16";"=400/2.6/1L2.16";"";"47";"26";"= 418";"+ 400A";"forming machine D";"rotary combs";"418M11"
"135";"55";"BreakPoint_H_1";"A";"pending";"90.71";"88.64";"1192.0";"871.0";"=400/2.6/1L3.16";"=400/2.6/1L3.16";"";"47";"26";"= 418";"+ 400A";"forming machine D";"rotary combs";"418M11"
"136";"56";"BreakPoint_H_1";"A";"pending";"90.71";"65.96";"1192.0";"871.0";"=400/2.7/1L1.17";"=400/2.7/1L1.17";"";"48";"26";"= 418";"+ 400A";"forming machine D";"pinned roll";"418M13"
"137";"56";"BreakPoint_H_1";"A";"pending";"90.71";"77.3";"1192.0";"871.0";"=400/2.7/1L2.17";"=400/2.7/1L2.17";"";"48";"26";"= 418";"+ 400A";"forming machine D";"pinned roll";"418M13"
"138";"56";"BreakPoint_H_1";"A";"pending";"90.71";"88.64";"1192.0";"871.0";"=400/2.7/1L3.17";"=400/2.7/1L3.17";"";"48";"26";"= 418";"+ 400A";"forming machine D";"pinned roll";"418M13"
"139";"57";"BreakPoint_H_1";"A";"pending";"90.71";"65.96";"1192.0";"871.0";"=400/2.7/1L1.17";"=400/2.7/1L1.17";"";"49";"26";"= 418";"+ 400A";"forming machine D";"oscillating flap";"418M14"
"140";"57";"BreakPoint_H_1";"A";"pending";"90.71";"77.3";"1192.0";"871.0";"=400/2.7/1L2.17";"=400/2.7/1L2.17";"";"49";"26";"= 418";"+ 400A";"forming machine D";"oscillating flap";"418M14"
"141";"57";"BreakPoint_H_1";"A";"pending";"90.71";"88.64";"1192.0";"871.0";"=400/2.7/1L3.17";"=400/2.7/1L3.17";"";"49";"26";"= 418";"+ 400A";"forming machine D";"oscillating flap";"418M14"
"142";"58";"BreakPoint_H_1";"A";"pending";"90.71";"65.96";"1192.0";"871.0";"=400/2.7/1L1.17";"=400/2.7/1L1.17";"";"50";"26";"= 418";"+ 400A";"forming machine D";"distrbution belt left";"418M15"
"143";"58";"BreakPoint_H_1";"A";"pending";"90.71";"77.3";"1192.0";"871.0";"=400/2.7/1L2.17";"=400/2.7/1L2.17";"";"50";"26";"= 418";"+ 400A";"forming machine D";"distrbution belt left";"418M15"
"144";"58";"BreakPoint_H_1";"A";"pending";"90.71";"88.64";"1192.0";"871.0";"=400/2.7/1L3.17";"=400/2.7/1L3.17";"";"50";"26";"= 418";"+ 400A";"forming machine D";"distrbution belt left";"418M15"
"145";"59";"BreakPoint_H_1";"A";"pending";"90.71";"65.96";"1192.0";"871.0";"=400/2.7/1L1.17";"=400/2.7/1L1.17";"";"51";"26";"= 418";"+ 400A";"forming machine D";"distrbution belt right";"418M16"
"146";"59";"BreakPoint_H_1";"A";"pending";"90.71";"77.3";"1192.0";"871.0";"=400/2.7/1L2.17";"=400/2.7/1L2.17";"";"51";"26";"= 418";"+ 400A";"forming machine D";"distrbution belt right";"418M16"
"147";"59";"BreakPoint_H_1";"A";"pending";"90.71";"88.64";"1192.0";"871.0";"=400/2.7/1L3.17";"=400/2.7/1L3.17";"";"51";"26";"= 418";"+ 400A";"forming machine D";"distrbution belt right";"418M16"
"148";"60";"BreakPoint_H_1";"A";"pending";"90.71";"65.96";"1192.0";"871.0";"=400/2.7/1L1.17";"=400/2.7/1L1.17";"";"52";"26";"= 418";"+ 400A";"forming machine D";"transverse belt";"418M17"
"149";"60";"BreakPoint_H_1";"A";"pending";"90.71";"77.3";"1192.0";"871.0";"=400/2.7/1L2.17";"=400/2.7/1L2.17";"";"52";"26";"= 418";"+ 400A";"forming machine D";"transverse belt";"418M17"
"150";"60";"BreakPoint_H_1";"A";"pending";"90.71";"88.64";"1192.0";"871.0";"=400/2.7/1L3.17";"=400/2.7/1L3.17";"";"52";"26";"= 418";"+ 400A";"forming machine D";"transverse belt";"418M17"
"151";"62";"BreakPoint_H_1";"A";"pending";"90.71";"65.96";"1192.0";"871.0";"=400/2.7/1L1.17";"=400/2.7/1L1.17";"";"53";"26";"= 418";"+ 400A";"forming machine D";"2nd & 3rd screen vibrator";"418M18, 418M19"
"152";"62";"BreakPoint_H_1";"A";"pending";"90.71";"77.3";"1192.0";"871.0";"=400/2.7/1L2.17";"=400/2.7/1L2.17";"";"53";"26";"= 418";"+ 400A";"forming machine D";"2nd & 3rd screen vibrator";"418M18, 418M19"
"153";"62";"BreakPoint_H_1";"A";"pending";"90.71";"88.64";"1192.0";"871.0";"=400/2.7/1L3.17";"=400/2.7/1L3.17";"";"53";"26";"= 418";"+ 400A";"forming machine D";"2nd & 3rd screen vibrator";"418M18, 418M19"
"154";"63";"BreakPoint_H_1";"A";"pending";"90.71";"65.96";"1192.0";"871.0";"=400/2.7/1L1.17";"=400/2.7/1L1.17";"";"54";"26";"= 418";"+ 400A";"forming machine D";"fast disk rolls";"418M20"
"155";"63";"BreakPoint_H_1";"A";"pending";"90.71";"77.3";"1192.0";"871.0";"=400/2.7/1L2.17";"=400/2.7/1L2.17";"";"54";"26";"= 418";"+ 400A";"forming machine D";"fast disk rolls";"418M20"
"156";"63";"BreakPoint_H_1";"A";"pending";"90.71";"88.64";"1192.0";"871.0";"=400/2.7/1L3.17";"=400/2.7/1L3.17";"";"54";"26";"= 418";"+ 400A";"forming machine D";"fast disk rolls";"418M20"
"157";"64";"BreakPoint_H_1";"A";"pending";"90.71";"65.96";"1192.0";"871.0";"=400/2.7/1L1.17";"=400/2.7/1L1.17";"";"55";"26";"= 418";"+ 400A";"forming machine D";"slow disk rolls";"418M21"
"158";"64";"BreakPoint_H_1";"A";"pending";"90.71";"77.3";"1192.0";"871.0";"=400/2.7/1L2.17";"=400/2.7/1L2.17";"";"55";"26";"= 418";"+ 400A";"forming machine D";"slow disk rolls";"418M21"
"159";"64";"BreakPoint_H_1";"A";"pending";"90.71";"88.64";"1192.0";"871.0";"=400/2.7/1L3.17";"=400/2.7/1L3.17";"";"55";"26";"= 418";"+ 400A";"forming machine D";"slow disk rolls";"418M21"
"160";"65";"BreakPoint_H_1";"A";"pending";"90.71";"65.96";"1192.0";"871.0";"=400/2.7/1L1.17";"=400/2.7/1L1.17";"";"56";"26";"= 418";"+ 400A";"forming machine D";"transport belt";"418M22"
"161";"65";"BreakPoint_H_1";"A";"pending";"90.71";"77.3";"1192.0";"871.0";"=400/2.7/1L2.17";"=400/2.7/1L2.17";"";"56";"26";"= 418";"+ 400A";"forming machine D";"transport belt";"418M22"
"162";"65";"BreakPoint_H_1";"A";"pending";"90.71";"88.64";"1192.0";"871.0";"=400/2.7/1L3.17";"=400/2.7/1L3.17";"";"56";"26";"= 418";"+ 400A";"forming machine D";"transport belt";"418M22"
"163";"66";"BreakPoint_H_1";"A";"pending";"90.71";"65.96";"1192.0";"871.0";"=400/2.7/1L1.17";"=400/2.7/1L1.17";"";"57";"26";"= 418";"+ 400A";"forming machine D";"left longitudinal screw conveyor";"418M23"
"164";"66";"BreakPoint_H_1";"A";"pending";"90.71";"77.3";"1192.0";"871.0";"=400/2.7/1L2.17";"=400/2.7/1L2.17";"";"57";"26";"= 418";"+ 400A";"forming machine D";"left longitudinal screw conveyor";"418M23"
"165";"66";"BreakPoint_H_1";"A";"pending";"90.71";"88.64";"1192.0";"871.0";"=400/2.7/1L3.17";"=400/2.7/1L3.17";"";"57";"26";"= 418";"+ 400A";"forming machine D";"left longitudinal screw conveyor";"418M23"
"166";"67";"BreakPoint_H_1";"A";"pending";"90.71";"65.96";"1192.0";"871.0";"=400/2.7/1L1.17";"=400/2.7/1L1.17";"";"58";"26";"= 418";"+ 400A";"forming machine D";"right longitudinal screw conveyor";"418M24"
"167";"67";"BreakPoint_H_1";"A";"pending";"90.71";"77.3";"1192.0";"871.0";"=400/2.7/1L2.17";"=400/2.7/1L2.17";"";"58";"26";"= 418";"+ 400A";"forming machine D";"right longitudinal screw conveyor";"418M24"
"168";"67";"BreakPoint_H_1";"A";"pending";"90.71";"88.64";"1192.0";"871.0";"=400/2.7/1L3.17";"=400/2.7/1L3.17";"";"58";"26";"= 418";"+ 400A";"forming machine D";"right longitudinal screw conveyor";"418M24"
"169";"68";"BreakPoint_H_1";"A";"pending";"90.71";"65.96";"1192.0";"871.0";"=400/2.7/1L1.17";"=400/2.7/1L1.17";"";"59";"26";"= 418";"+ 400A";"forming machine D";"cleaning brush transport belt";"418M26"
"170";"68";"BreakPoint_H_1";"A";"pending";"90.71";"77.3";"1192.0";"871.0";"=400/2.7/1L2.17";"=400/2.7/1L2.17";"";"59";"26";"= 418";"+ 400A";"forming machine D";"cleaning brush transport belt";"418M26"
"171";"68";"BreakPoint_H_1";"A";"pending";"90.71";"88.64";"1192.0";"871.0";"=400/2.7/1L3.17";"=400/2.7/1L3.17";"";"59";"26";"= 418";"+ 400A";"forming machine D";"cleaning brush transport belt";"418M26"
"172";"69";"BreakPoint_H_1";"A";"pending";"102.05";"65.96";"1192.0";"871.0";"=400/3.6/1L1.24";"=400/3.6/1L1.24";"";"59a";"26";"= 418";"+ 400A";"";"TEXPAN filter fan";"418M4"
"173";"69";"BreakPoint_H_1";"A";"pending";"102.05";"77.3";"1192.0";"871.0";"=400/3.6/1L2.24";"=400/3.6/1L2.24";"";"59a";"26";"= 418";"+ 400A";"";"TEXPAN filter fan";"418M4"
"174";"69";"BreakPoint_H_1";"A";"pending";"102.05";"88.64";"1192.0";"871.0";"=400/3.6/1L3.24";"=400/3.6/1L3.24";"";"59a";"26";"= 418";"+ 400A";"";"TEXPAN filter fan";"418M4"
"175";"71";"BreakPoint_H_1";"A";"pending";"90.71";"65.96";"1192.0";"871.0";"=400/2.8/1L1.18";"=400/2.8/1L1.18";"";"59c";"26";"= 418";"+ 400A";"";"TEXPAN filter rotary valve";"418M2"
"176";"71";"BreakPoint_H_1";"A";"pending";"90.71";"77.3";"1192.0";"871.0";"=400/2.8/1L2.18";"=400/2.8/1L2.18";"";"59c";"26";"= 418";"+ 400A";"";"TEXPAN filter rotary valve";"418M2"
"177";"71";"BreakPoint_H_1";"A";"pending";"90.71";"88.64";"1192.0";"871.0";"=400/2.8/1L3.18";"=400/2.8/1L3.18";"";"59c";"26";"= 418";"+ 400A";"";"TEXPAN filter rotary valve";"418M2"
"178";"72";"BreakPoint_H_1";"A";"pending";"90.71";"65.96";"1192.0";"871.0";"=400/2.8/1L1.18";"=400/2.8/1L1.18";"";"59d";"26";"= 418";"+ 400A";"";"TEXPAN filter screw conveyor";"418M3"
"179";"72";"BreakPoint_H_1";"A";"pending";"90.71";"77.3";"1192.0";"871.0";"=400/2.8/1L2.18";"=400/2.8/1L2.18";"";"59d";"26";"= 418";"+ 400A";"";"TEXPAN filter screw conveyor";"418M3"
"180";"72";"BreakPoint_H_1";"A";"pending";"90.71";"88.64";"1192.0";"871.0";"=400/2.8/1L3.18";"=400/2.8/1L3.18";"";"59d";"26";"= 418";"+ 400A";"";"TEXPAN filter screw conveyor";"418M3"
"181";"73";"BreakPoint_H_1";"A";"pending";"90.71";"65.96";"1192.0";"871.0";"=400/2.7/1L1.17";"=400/2.7/1L1.17";"";"61";"26";"= 418";"+ 400A";"forming machine D";"transversal screw conveyor belt";"418M30"
"182";"73";"BreakPoint_H_1";"A";"pending";"90.71";"77.3";"1192.0";"871.0";"=400/2.7/1L2.17";"=400/2.7/1L2.17";"";"61";"26";"= 418";"+ 400A";"forming machine D";"transversal screw conveyor belt";"418M30"
"183";"73";"BreakPoint_H_1";"A";"pending";"90.71";"88.64";"1192.0";"871.0";"=400/2.7/1L3.17";"=400/2.7/1L3.17";"";"61";"26";"= 418";"+ 400A";"forming machine D";"transversal screw conveyor belt";"418M30"
"184";"74";"BreakPoint_H_1";"A";"pending";"90.71";"65.96";"1192.0";"871.0";"=400/2.7/1L1.17";"=400/2.7/1L1.17";"";"62";"26";"= 418";"+ 400A";"forming machine D";"injection screw";"418M31"
"185";"74";"BreakPoint_H_1";"A";"pending";"90.71";"77.3";"1192.0";"871.0";"=400/2.7/1L2.17";"=400/2.7/1L2.17";"";"62";"26";"= 418";"+ 400A";"forming machine D";"injection screw";"418M31"
"186";"74";"BreakPoint_H_1";"A";"pending";"90.71";"88.64";"1192.0";"871.0";"=400/2.7/1L3.17";"=400/2.7/1L3.17";"";"62";"26";"= 418";"+ 400A";"forming machine D";"injection screw";"418M31"
"187";"75";"BreakPoint_H_1";"A";"pending";"90.71";"65.96";"1192.0";"871.0";"=400/2.8/1L1.18";"=400/2.8/1L1.18";"";"63";"26";"= 418";"+ 400A";"forming machine D";"recycling conveyor";"418M32"
"188";"75";"BreakPoint_H_1";"A";"pending";"90.71";"77.3";"1192.0";"871.0";"=400/2.8/1L2.18";"=400/2.8/1L2.18";"";"63";"26";"= 418";"+ 400A";"forming machine D";"recycling conveyor";"418M32"
"189";"75";"BreakPoint_H_1";"A";"pending";"90.71";"88.64";"1192.0";"871.0";"=400/2.8/1L3.18";"=400/2.8/1L3.18";"";"63";"26";"= 418";"+ 400A";"forming machine D";"recycling conveyor";"418M32"
"190";"76";"BreakPoint_H_1";"A";"pending";"90.71";"65.96";"1192.0";"871.0";"=400/3.2/1L1.20";"=400/3.2/1L1.20";"";"81";"26";"= 418";"+ 400A";"forming machine D";"recycling screw conveyor";"418M33"
"191";"76";"BreakPoint_H_1";"A";"pending";"90.71";"77.3";"1192.0";"871.0";"=400/3.2/1L2.20";"=400/3.2/1L2.20";"";"81";"26";"= 418";"+ 400A";"forming machine D";"recycling screw conveyor";"418M33"
"192";"76";"BreakPoint_H_1";"A";"pending";"90.71";"88.64";"1192.0";"871.0";"=400/3.2/1L3.20";"=400/3.2/1L3.20";"";"81";"26";"= 418";"+ 400A";"forming machine D";"recycling screw conveyor";"418M33"
"193";"77";"BreakPoint_H_1";"A";"pending";"657.64";"77.3";"1192.0";"871.0";"=400/4b.9/L3.11+";"=400/4b.9/L3.11+";"";"64";"5";"= 420";"+ 400A";"forming line";"forming belt
belt adjustment";"420M1"
"194";"77";"BreakPoint_H_1";"A";"pending";"657.64";"712.26";"1192.0";"871.0";"=400/4a.9/L2.0";"=400/4a.9/L2.0";"";"64";"5";"= 420";"+ 400A";"forming line";"forming belt
belt adjustment";"420M1"
"195";"77";"BreakPoint_H_1";"A";"pending";"657.64";"485.49";"1192.0";"871.0";"=400/4a.9/L2.13";"=400/4a.9/L2.13";"";"64";"5";"= 420";"+ 400A";"forming line";"forming belt
belt adjustment";"420M1"
"196";"77";"BreakPoint_H_1";"A";"pending";"90.71";"65.96";"1192.0";"871.0";"=400/2.8/1L1.18";"=400/2.8/1L1.18";"";"64";"5";"= 420";"+ 400A";"forming line";"forming belt
belt adjustment";"420M1"
"197";"77";"BreakPoint_H_1";"A";"pending";"90.71";"77.3";"1192.0";"871.0";"=400/2.8/1L2.18";"=400/2.8/1L2.18";"";"64";"5";"= 420";"+ 400A";"forming line";"forming belt
belt adjustment";"420M1"
"198";"77";"BreakPoint_H_1";"A";"pending";"90.71";"88.64";"1192.0";"871.0";"=400/2.8/1L3.18";"=400/2.8/1L3.18";"";"64";"5";"= 420";"+ 400A";"forming line";"forming belt
belt adjustment";"420M1"
"199";"78";"BreakPoint_H_1";"A";"pending";"657.64";"77.3";"1192.0";"871.0";"=400/4b.9/L3.11+";"=400/4b.9/L3.11+";"";"65";"5";"= 420";"+ 400A";"forming line";"hogger drive";"420M3"
"200";"78";"BreakPoint_H_1";"A";"pending";"657.64";"712.26";"1192.0";"871.0";"=400/4a.9/L2.0";"=400/4a.9/L2.0";"";"65";"5";"= 420";"+ 400A";"forming line";"hogger drive";"420M3"
"201";"78";"BreakPoint_H_1";"A";"pending";"90.71";"65.96";"1192.0";"871.0";"=400/2.8/1L1.18";"=400/2.8/1L1.18";"";"65";"5";"= 420";"+ 400A";"forming line";"hogger drive";"420M3"
"202";"78";"BreakPoint_H_1";"A";"pending";"90.71";"77.3";"1192.0";"871.0";"=400/2.8/1L2.18";"=400/2.8/1L2.18";"";"65";"5";"= 420";"+ 400A";"forming line";"hogger drive";"420M3"
"203";"78";"BreakPoint_H_1";"A";"pending";"90.71";"88.64";"1192.0";"871.0";"=400/2.8/1L3.18";"=400/2.8/1L3.18";"";"65";"5";"= 420";"+ 400A";"forming line";"hogger drive";"420M3"
"204";"79";"BreakPoint_H_1";"A";"pending";"657.64";"77.3";"1192.0";"871.0";"=400/4b.9/L3.11+";"=400/4b.9/L3.11+";"";"66";"5";"= 420";"+ 400A";"forming line";"hogger drive";"420M4"
"205";"79";"BreakPoint_H_1";"A";"pending";"657.64";"712.26";"1192.0";"871.0";"=400/4a.9/L2.0";"=400/4a.9/L2.0";"";"66";"5";"= 420";"+ 400A";"forming line";"hogger drive";"420M4"
"206";"79";"BreakPoint_H_1";"A";"pending";"90.71";"65.96";"1192.0";"871.0";"=400/2.8/1L1.18";"=400/2.8/1L1.18";"";"66";"5";"= 420";"+ 400A";"forming line";"hogger drive";"420M4"
"207";"79";"BreakPoint_H_1";"A";"pending";"90.71";"77.3";"1192.0";"871.0";"=400/2.8/1L2.18";"=400/2.8/1L2.18";"";"66";"5";"= 420";"+ 400A";"forming line";"hogger drive";"420M4"
"208";"79";"BreakPoint_H_1";"A";"pending";"90.71";"88.64";"1192.0";"871.0";"=400/2.8/1L3.18";"=400/2.8/1L3.18";"";"66";"5";"= 420";"+ 400A";"forming line";"hogger drive";"420M4"
"209";"80";"BreakPoint_H_1";"A";"pending";"657.64";"77.3";"1192.0";"871.0";"=400/4b.9/L3.11+";"=400/4b.9/L3.11+";"";"67";"5";"= 420";"+ 400A";"forming line";"HP - pump";"420M9"
"210";"80";"BreakPoint_H_1";"A";"pending";"657.64";"712.26";"1192.0";"871.0";"=400/4a.9/L2.0";"=400/4a.9/L2.0";"";"67";"5";"= 420";"+ 400A";"forming line";"HP - pump";"420M9"
"211";"80";"BreakPoint_H_1";"A";"pending";"90.71";"65.96";"1192.0";"871.0";"=400/3.1/1L1.19";"=400/3.1/1L1.19";"";"67";"5";"= 420";"+ 400A";"forming line";"HP - pump";"420M9"
"212";"80";"BreakPoint_H_1";"A";"pending";"90.71";"77.3";"1192.0";"871.0";"=400/3.1/1L2.19";"=400/3.1/1L2.19";"";"67";"5";"= 420";"+ 400A";"forming line";"HP - pump";"420M9"
"213";"80";"BreakPoint_H_1";"A";"pending";"90.71";"88.64";"1192.0";"871.0";"=400/3.1/1L3.19";"=400/3.1/1L3.19";"";"67";"5";"= 420";"+ 400A";"forming line";"HP - pump";"420M9"
"214";"81";"BreakPoint_H_1";"A";"pending";"657.64";"77.3";"1192.0";"871.0";"=400/4b.9/L3.11+";"=400/4b.9/L3.11+";"";"68";"5";"= 420";"+ 400A";"forming line";"cleaning brush";"420M15"
"215";"81";"BreakPoint_H_1";"A";"pending";"657.64";"712.26";"1192.0";"871.0";"=400/4a.9/L2.0";"=400/4a.9/L2.0";"";"68";"5";"= 420";"+ 400A";"forming line";"cleaning brush";"420M15"
"216";"81";"BreakPoint_H_1";"A";"pending";"90.71";"65.96";"1192.0";"871.0";"=400/3.1/1L1.19";"=400/3.1/1L1.19";"";"68";"5";"= 420";"+ 400A";"forming line";"cleaning brush";"420M15"
"217";"81";"BreakPoint_H_1";"A";"pending";"90.71";"77.3";"1192.0";"871.0";"=400/3.1/1L2.19";"=400/3.1/1L2.19";"";"68";"5";"= 420";"+ 400A";"forming line";"cleaning brush";"420M15"
"218";"81";"BreakPoint_H_1";"A";"pending";"90.71";"88.64";"1192.0";"871.0";"=400/3.1/1L3.19";"=400/3.1/1L3.19";"";"68";"5";"= 420";"+ 400A";"forming line";"cleaning brush";"420M15"
"219";"82";"BreakPoint_H_1";"A";"pending";"657.64";"77.3";"1192.0";"871.0";"=400/4b.9/L3.11+";"=400/4b.9/L3.11+";"";"69";"7";"= 421";"+ 400A";"pre - press";"hydraulics
HP - pump";"421M1"
"220";"82";"BreakPoint_H_1";"A";"pending";"657.64";"712.26";"1192.0";"871.0";"=400/4a.9/L2.0";"=400/4a.9/L2.0";"";"69";"7";"= 421";"+ 400A";"pre - press";"hydraulics
HP - pump";"421M1"
"221";"82";"BreakPoint_H_1";"A";"pending";"362.83";"258.72";"1192.0";"871.0";"=400/4a.9/L2.0";"=400/4a.9/L2.0";"";"69";"7";"= 421";"+ 400A";"pre - press";"hydraulics
HP - pump";"421M1"
"222";"82";"BreakPoint_H_1";"A";"pending";"362.83";"236.04";"1192.0";"871.0";"=400/4a.9/L2.14";"=400/4a.9/L2.14";"";"69";"7";"= 421";"+ 400A";"pre - press";"hydraulics
HP - pump";"421M1"
"223";"82";"BreakPoint_H_1";"A";"pending";"90.71";"65.96";"1192.0";"871.0";"=400/1.8/1L1";"=400/1.8/1L1";"";"69";"7";"= 421";"+ 400A";"pre - press";"hydraulics
HP - pump";"421M1"
"224";"82";"BreakPoint_H_1";"A";"pending";"90.71";"77.3";"1192.0";"871.0";"=400/1.8/1L2";"=400/1.8/1L2";"";"69";"7";"= 421";"+ 400A";"pre - press";"hydraulics
HP - pump";"421M1"
"225";"82";"BreakPoint_H_1";"A";"pending";"90.71";"88.64";"1192.0";"871.0";"=400/1.8/1L3";"=400/1.8/1L3";"";"69";"7";"= 421";"+ 400A";"pre - press";"hydraulics
HP - pump";"421M1"
"226";"83";"BreakPoint_H_1";"A";"pending";"657.64";"77.3";"1192.0";"871.0";"=400/4b.9/L3.11+";"=400/4b.9/L3.11+";"";"70";"7";"= 421";"+ 400A";"pre - press";"hydraulics
cooling - fan";"421M2"
"227";"83";"BreakPoint_H_1";"A";"pending";"657.64";"712.26";"1192.0";"871.0";"=400/4a.9/L2.0";"=400/4a.9/L2.0";"";"70";"7";"= 421";"+ 400A";"pre - press";"hydraulics
cooling - fan";"421M2"
"228";"83";"BreakPoint_H_1";"A";"pending";"90.71";"65.96";"1192.0";"871.0";"=400/3.1/1L1.19";"=400/3.1/1L1.19";"";"70";"7";"= 421";"+ 400A";"pre - press";"hydraulics
cooling - fan";"421M2"
"229";"83";"BreakPoint_H_1";"A";"pending";"90.71";"77.3";"1192.0";"871.0";"=400/3.1/1L2.19";"=400/3.1/1L2.19";"";"70";"7";"= 421";"+ 400A";"pre - press";"hydraulics
cooling - fan";"421M2"
"230";"83";"BreakPoint_H_1";"A";"pending";"90.71";"88.64";"1192.0";"871.0";"=400/3.1/1L3.19";"=400/3.1/1L3.19";"";"70";"7";"= 421";"+ 400A";"pre - press";"hydraulics
cooling - fan";"421M2"
"231";"84";"BreakPoint_H_1";"A";"pending";"385.51";"99.98";"1192.0";"871.0";"=400/4a.9/L2.0";"=400/4a.9/L2.0";"";"71";"7";"= 421";"+ 400A";"pre - press";"cleaning brush 1";"421M3"
"232";"84";"BreakPoint_H_1";"A";"pending";"385.51";"77.3";"1192.0";"871.0";"=400/4a.9/L2.14";"=400/4a.9/L2.14";"";"71";"7";"= 421";"+ 400A";"pre - press";"cleaning brush 1";"421M3"
"233";"84";"BreakPoint_H_1";"A";"pending";"90.71";"65.96";"1192.0";"871.0";"=400/3.1/1L1.19";"=400/3.1/1L1.19";"";"71";"7";"= 421";"+ 400A";"pre - press";"cleaning brush 1";"421M3"
"234";"84";"BreakPoint_H_1";"A";"pending";"90.71";"77.3";"1192.0";"871.0";"=400/3.1/1L2.19";"=400/3.1/1L2.19";"";"71";"7";"= 421";"+ 400A";"pre - press";"cleaning brush 1";"421M3"
"235";"84";"BreakPoint_H_1";"A";"pending";"90.71";"88.64";"1192.0";"871.0";"=400/3.1/1L3.19";"=400/3.1/1L3.19";"";"71";"7";"= 421";"+ 400A";"pre - press";"cleaning brush 1";"421M3"
"236";"85";"BreakPoint_H_1";"A";"pending";"90.71";"65.96";"1192.0";"871.0";"=400/3.1/1L1.19";"=400/3.1/1L1.19";"";"71a";"7";"= 421";"+ 400A";"pre - press";"cleaning brush 2";"421M4"
"237";"85";"BreakPoint_H_1";"A";"pending";"90.71";"77.3";"1192.0";"871.0";"=400/3.1/1L2.19";"=400/3.1/1L2.19";"";"71a";"7";"= 421";"+ 400A";"pre - press";"cleaning brush 2";"421M4"
"238";"85";"BreakPoint_H_1";"A";"pending";"90.71";"88.64";"1192.0";"871.0";"=400/3.1/1L3.19";"=400/3.1/1L3.19";"";"71a";"7";"= 421";"+ 400A";"pre - press";"cleaning brush 2";"421M4"
"239";"85";"BreakPoint_H_1";"A";"pending";"385.51";"77.3";"1192.0";"871.0";"=400/4a.9/L2.14";"=400/4a.9/L2.14";"";"71a";"7";"= 421";"+ 400A";"pre - press";"cleaning brush 2";"421M4"
"240";"85";"BreakPoint_H_1";"A";"pending";"385.51";"99.98";"1192.0";"871.0";"=400/4a.9/L2.0";"=400/4a.9/L2.0";"";"71a";"7";"= 421";"+ 400A";"pre - press";"cleaning brush 2";"421M4"
"241";"86";"BreakPoint_H_1";"A";"pending";"90.71";"65.96";"1192.0";"871.0";"=400/3.1/1L1.19";"=400/3.1/1L1.19";"";"71b";"7";"= 421";"+ 400A";"pre - press";"cleaning brush 3";"421M5"
"242";"86";"BreakPoint_H_1";"A";"pending";"90.71";"77.3";"1192.0";"871.0";"=400/3.1/1L2.19";"=400/3.1/1L2.19";"";"71b";"7";"= 421";"+ 400A";"pre - press";"cleaning brush 3";"421M5"
"243";"86";"BreakPoint_H_1";"A";"pending";"90.71";"88.64";"1192.0";"871.0";"=400/3.1/1L3.19";"=400/3.1/1L3.19";"";"71b";"7";"= 421";"+ 400A";"pre - press";"cleaning brush 3";"421M5"
"244";"86";"BreakPoint_H_1";"A";"pending";"385.51";"77.3";"1192.0";"871.0";"=400/4a.9/L2.14";"=400/4a.9/L2.14";"";"71b";"7";"= 421";"+ 400A";"pre - press";"cleaning brush 3";"421M5"
"245";"86";"BreakPoint_H_1";"A";"pending";"385.51";"99.98";"1192.0";"871.0";"=400/4a.9/L2.0";"=400/4a.9/L2.0";"";"71b";"7";"= 421";"+ 400A";"pre - press";"cleaning brush 3";"421M5"
"246";"87";"BreakPoint_H_1";"A";"pending";"521.57";"712.26";"1192.0";"871.0";"=400/4a.9/L2.0";"=400/4a.9/L2.0";"";"71c";"7";"= 421";"+ 400A";"pre - press";"cleaning brush 1 - 2 - 3 421M";"3, 421M4, 421M5"
"247";"87";"BreakPoint_H_1";"A";"pending";"941.1";"77.3";"1192.0";"871.0";"=400/4b.9/L3.11+";"=400/4b.9/L3.11+";"";"71c";"7";"= 421";"+ 400A";"pre - press";"cleaning brush 1 - 2 - 3 421M";"3, 421M4, 421M5"
"248";"88";"BreakPoint_H_1";"A";"pending";"657.64";"77.3";"1192.0";"871.0";"=400/4b.9/L3.11+";"=400/4b.9/L3.11+";"";"71d";"7";"= 421";"+ 400A";"pre - press";"belt adjustment
air evacuation belt";"421M13"
"249";"88";"BreakPoint_H_1";"A";"pending";"657.64";"712.26";"1192.0";"871.0";"=400/4a.9/L2.0";"=400/4a.9/L2.0";"";"71d";"7";"= 421";"+ 400A";"pre - press";"belt adjustment
air evacuation belt";"421M13"
"250";"88";"BreakPoint_H_1";"A";"pending";"657.64";"485.49";"1192.0";"871.0";"=400/4a.9/L2.14";"=400/4a.9/L2.14";"";"71d";"7";"= 421";"+ 400A";"pre - press";"belt adjustment
air evacuation belt";"421M13"
"251";"88";"BreakPoint_H_1";"A";"pending";"90.71";"65.96";"1192.0";"871.0";"=400/3.1/1L1.19";"=400/3.1/1L1.19";"";"71d";"7";"= 421";"+ 400A";"pre - press";"belt adjustment
air evacuation belt";"421M13"
"252";"88";"BreakPoint_H_1";"A";"pending";"90.71";"77.3";"1192.0";"871.0";"=400/3.1/1L2.19";"=400/3.1/1L2.19";"";"71d";"7";"= 421";"+ 400A";"pre - press";"belt adjustment
air evacuation belt";"421M13"
"253";"88";"BreakPoint_H_1";"A";"pending";"90.71";"88.64";"1192.0";"871.0";"=400/3.1/1L3.19";"=400/3.1/1L3.19";"";"71d";"7";"= 421";"+ 400A";"pre - press";"belt adjustment
air evacuation belt";"421M13"
"254";"89";"BreakPoint_H_1";"A";"pending";"657.64";"77.3";"1192.0";"871.0";"=400/4b.9/L3.11+";"=400/4b.9/L3.11+";"";"72";"29";"= 427";"+ 400A";"press hydraulics";"cooling and filtering pump";"427M1.1"
"255";"89";"BreakPoint_H_1";"A";"pending";"657.64";"712.26";"1192.0";"871.0";"=400/4a.9/L2.0";"=400/4a.9/L2.0";"";"72";"29";"= 427";"+ 400A";"press hydraulics";"cooling and filtering pump";"427M1.1"
"256";"89";"BreakPoint_H_1";"A";"pending";"90.71";"65.96";"1192.0";"871.0";"=400/3.1/1L1.19";"=400/3.1/1L1.19";"";"72";"29";"= 427";"+ 400A";"press hydraulics";"cooling and filtering pump";"427M1.1"
"257";"89";"BreakPoint_H_1";"A";"pending";"90.71";"77.3";"1192.0";"871.0";"=400/3.1/1L2.19";"=400/3.1/1L2.19";"";"72";"29";"= 427";"+ 400A";"press hydraulics";"cooling and filtering pump";"427M1.1"
"258";"89";"BreakPoint_H_1";"A";"pending";"90.71";"88.64";"1192.0";"871.0";"=400/3.1/1L3.19";"=400/3.1/1L3.19";"";"72";"29";"= 427";"+ 400A";"press hydraulics";"cooling and filtering pump";"427M1.1"
"259";"90";"BreakPoint_H_1";"A";"pending";"657.64";"77.3";"1192.0";"871.0";"=400/4b.9/L3.11+";"=400/4b.9/L3.11+";"";"73";"29";"= 427";"+ 400A";"press hydraulics";"fan air cooling";"427M1.2"
"260";"90";"BreakPoint_H_1";"A";"pending";"657.64";"712.26";"1192.0";"871.0";"=400/4a.9/L2.0";"=400/4a.9/L2.0";"";"73";"29";"= 427";"+ 400A";"press hydraulics";"fan air cooling";"427M1.2"
"261";"90";"BreakPoint_H_1";"A";"pending";"90.71";"65.96";"1192.0";"871.0";"=400/3.1/1L1.19";"=400/3.1/1L1.19";"";"73";"29";"= 427";"+ 400A";"press hydraulics";"fan air cooling";"427M1.2"
"262";"90";"BreakPoint_H_1";"A";"pending";"90.71";"77.3";"1192.0";"871.0";"=400/3.1/1L2.19";"=400/3.1/1L2.19";"";"73";"29";"= 427";"+ 400A";"press hydraulics";"fan air cooling";"427M1.2"
"263";"90";"BreakPoint_H_1";"A";"pending";"90.71";"88.64";"1192.0";"871.0";"=400/3.1/1L3.19";"=400/3.1/1L3.19";"";"73";"29";"= 427";"+ 400A";"press hydraulics";"fan air cooling";"427M1.2"
"264";"91";"BreakPoint_H_1";"A";"pending";"657.64";"77.3";"1192.0";"871.0";"=400/4b.9/L3.11+";"=400/4b.9/L3.11+";"";"74";"29";"= 427";"+ 400A";"press hydraulics";"close shut off valve 60";"spare"
"265";"91";"BreakPoint_H_1";"A";"pending";"657.64";"712.26";"1192.0";"871.0";"=400/4a.9/L2.0";"=400/4a.9/L2.0";"";"74";"29";"= 427";"+ 400A";"press hydraulics";"close shut off valve 60";"spare"
"266";"91";"BreakPoint_H_1";"A";"pending";"657.64";"485.49";"1192.0";"871.0";"=400/4a.9/L2.13";"=400/4a.9/L2.13";"";"74";"29";"= 427";"+ 400A";"press hydraulics";"close shut off valve 60";"spare"
"267";"91";"BreakPoint_H_1";"A";"pending";"90.71";"65.96";"1192.0";"871.0";"=400/2.8/1L1.18";"=400/2.8/1L1.18";"";"74";"29";"= 427";"+ 400A";"press hydraulics";"close shut off valve 60";"spare"
"268";"91";"BreakPoint_H_1";"A";"pending";"90.71";"77.3";"1192.0";"871.0";"=400/2.8/1L2.18";"=400/2.8/1L2.18";"";"74";"29";"= 427";"+ 400A";"press hydraulics";"close shut off valve 60";"spare"
"269";"91";"BreakPoint_H_1";"A";"pending";"90.71";"88.64";"1192.0";"871.0";"=400/2.8/1L3.18";"=400/2.8/1L3.18";"";"74";"29";"= 427";"+ 400A";"press hydraulics";"close shut off valve 60";"spare"
"270";"92";"BreakPoint_H_1";"A";"pending";"657.64";"77.3";"1192.0";"871.0";"=400/4b.9/L3.11+";"=400/4b.9/L3.11+";"";"75";"29";"= 427";"+ 400A";"press";"hydraulics HP - pump";"427M3"
"271";"92";"BreakPoint_H_1";"A";"pending";"657.64";"712.26";"1192.0";"871.0";"=400/4a.9/L2.0";"=400/4a.9/L2.0";"";"75";"29";"= 427";"+ 400A";"press";"hydraulics HP - pump";"427M3"
"272";"92";"BreakPoint_H_1";"A";"pending";"90.71";"65.96";"1192.0";"871.0";"=400/1.8/1L1";"=400/1.8/1L1";"";"75";"29";"= 427";"+ 400A";"press";"hydraulics HP - pump";"427M3"
"273";"92";"BreakPoint_H_1";"A";"pending";"90.71";"77.3";"1192.0";"871.0";"=400/1.8/1L2";"=400/1.8/1L2";"";"75";"29";"= 427";"+ 400A";"press";"hydraulics HP - pump";"427M3"
"274";"92";"BreakPoint_H_1";"A";"pending";"90.71";"88.64";"1192.0";"871.0";"=400/1.8/1L3";"=400/1.8/1L3";"";"75";"29";"= 427";"+ 400A";"press";"hydraulics HP - pump";"427M3"
"275";"93";"BreakPoint_H_1";"A";"pending";"374.17";"292.73";"1192.0";"871.0";"=400/4a.9/L2.0";"=400/4a.9/L2.0";"";"76";"29";"= 427";"+ 400A";"press";"upper cleaning brush 1";"427M4"
"276";"93";"BreakPoint_H_1";"A";"pending";"374.17";"270.06";"1192.0";"871.0";"=400/4a.9/L2.15";"=400/4a.9/L2.15";"";"76";"29";"= 427";"+ 400A";"press";"upper cleaning brush 1";"427M4"
"277";"93";"BreakPoint_H_1";"A";"pending";"90.71";"65.96";"1192.0";"871.0";"=400/3.1/1L1.19";"=400/3.1/1L1.19";"";"76";"29";"= 427";"+ 400A";"press";"upper cleaning brush 1";"427M4"
"278";"93";"BreakPoint_H_1";"A";"pending";"90.71";"77.3";"1192.0";"871.0";"=400/3.1/1L2.19";"=400/3.1/1L2.19";"";"76";"29";"= 427";"+ 400A";"press";"upper cleaning brush 1";"427M4"
"279";"93";"BreakPoint_H_1";"A";"pending";"90.71";"88.64";"1192.0";"871.0";"=400/3.1/1L3.19";"=400/3.1/1L3.19";"";"76";"29";"= 427";"+ 400A";"press";"upper cleaning brush 1";"427M4"
"280";"94";"BreakPoint_H_1";"A";"pending";"793.7";"712.26";"1192.0";"871.0";"=400/4a.9/L2.0";"=400/4a.9/L2.0";"";"76a";"29";"= 427";"+ 400A";"press";"upper cleaning brush 2";"427M5"
"281";"94";"BreakPoint_H_1";"A";"pending";"771.02";"77.3";"1192.0";"871.0";"=400/4b.9/L3.11+";"=400/4b.9/L3.11+";"";"76a";"29";"= 427";"+ 400A";"press";"upper cleaning brush 2";"427M5"
"282";"94";"BreakPoint_H_1";"A";"pending";"374.17";"292.73";"1192.0";"871.0";"=400/4a.9/L2.0";"=400/4a.9/L2.0";"";"76a";"29";"= 427";"+ 400A";"press";"upper cleaning brush 2";"427M5"
"283";"94";"BreakPoint_H_1";"A";"pending";"374.17";"270.06";"1192.0";"871.0";"=400/4a.9/L2.15";"=400/4a.9/L2.15";"";"76a";"29";"= 427";"+ 400A";"press";"upper cleaning brush 2";"427M5"
"284";"94";"BreakPoint_H_1";"A";"pending";"90.71";"65.96";"1192.0";"871.0";"=400/3.1/1L1.19";"=400/3.1/1L1.19";"";"76a";"29";"= 427";"+ 400A";"press";"upper cleaning brush 2";"427M5"
"285";"94";"BreakPoint_H_1";"A";"pending";"90.71";"77.3";"1192.0";"871.0";"=400/3.1/1L2.19";"=400/3.1/1L2.19";"";"76a";"29";"= 427";"+ 400A";"press";"upper cleaning brush 2";"427M5"
"286";"94";"BreakPoint_H_1";"A";"pending";"90.71";"88.64";"1192.0";"871.0";"=400/3.1/1L3.19";"=400/3.1/1L3.19";"";"76a";"29";"= 427";"+ 400A";"press";"upper cleaning brush 2";"427M5"
"287";"95";"BreakPoint_H_1";"A";"pending";"657.64";"77.3";"1192.0";"871.0";"=400/4b.9/L3.11+";"=400/4b.9/L3.11+";"";"77";"29";"= 427";"+ 400A";"press hydraulics";"washing pump";"427M8.1"
"288";"95";"BreakPoint_H_1";"A";"pending";"657.64";"712.26";"1192.0";"871.0";"=400/4a.9/L2.0";"=400/4a.9/L2.0";"";"77";"29";"= 427";"+ 400A";"press hydraulics";"washing pump";"427M8.1"
"289";"95";"BreakPoint_H_1";"A";"pending";"90.71";"65.96";"1192.0";"871.0";"=400/3.2/1L1.20";"=400/3.2/1L1.20";"";"77";"29";"= 427";"+ 400A";"press hydraulics";"washing pump";"427M8.1"
"290";"95";"BreakPoint_H_1";"A";"pending";"90.71";"77.3";"1192.0";"871.0";"=400/3.2/1L2.20";"=400/3.2/1L2.20";"";"77";"29";"= 427";"+ 400A";"press hydraulics";"washing pump";"427M8.1"
"291";"95";"BreakPoint_H_1";"A";"pending";"90.71";"88.64";"1192.0";"871.0";"=400/3.2/1L3.20";"=400/3.2/1L3.20";"";"77";"29";"= 427";"+ 400A";"press hydraulics";"washing pump";"427M8.1"
"292";"96";"BreakPoint_H_1";"A";"pending";"657.64";"77.3";"1192.0";"871.0";"=400/4b.9/L3.11+";"=400/4b.9/L3.11+";"";"78";"29";"= 427";"+ 400A";"press hydraulics";"stop cock 21 close";"427M8.2"
"293";"96";"BreakPoint_H_1";"A";"pending";"657.64";"712.26";"1192.0";"871.0";"=400/4a.9/L2.0";"=400/4a.9/L2.0";"";"78";"29";"= 427";"+ 400A";"press hydraulics";"stop cock 21 close";"427M8.2"
"294";"96";"BreakPoint_H_1";"A";"pending";"657.64";"485.49";"1192.0";"871.0";"=400/4a.9/L2.13";"=400/4a.9/L2.13";"";"78";"29";"= 427";"+ 400A";"press hydraulics";"stop cock 21 close";"427M8.2"
"295";"96";"BreakPoint_H_1";"A";"pending";"90.71";"65.96";"1192.0";"871.0";"=400/2.8/1L1.18";"=400/2.8/1L1.18";"";"78";"29";"= 427";"+ 400A";"press hydraulics";"stop cock 21 close";"427M8.2"
"296";"96";"BreakPoint_H_1";"A";"pending";"90.71";"77.3";"1192.0";"871.0";"=400/2.8/1L2.18";"=400/2.8/1L2.18";"";"78";"29";"= 427";"+ 400A";"press hydraulics";"stop cock 21 close";"427M8.2"
"297";"96";"BreakPoint_H_1";"A";"pending";"90.71";"88.64";"1192.0";"871.0";"=400/2.8/1L3.18";"=400/2.8/1L3.18";"";"78";"29";"= 427";"+ 400A";"press hydraulics";"stop cock 21 close";"427M8.2"
"298";"97";"BreakPoint_H_1";"A";"pending";"657.64";"77.3";"1192.0";"871.0";"=400/4b.9/L3.11+";"=400/4b.9/L3.11+";"";"79";"29";"= 427";"+ 400A";"press";"exhaust oil mist";"427M23"
"299";"97";"BreakPoint_H_1";"A";"pending";"657.64";"712.26";"1192.0";"871.0";"=400/4a.9/L2.0";"=400/4a.9/L2.0";"";"79";"29";"= 427";"+ 400A";"press";"exhaust oil mist";"427M23"
"300";"97";"BreakPoint_H_1";"A";"pending";"90.71";"65.96";"1192.0";"871.0";"=400/3.2/1L1.20";"=400/3.2/1L1.20";"";"79";"29";"= 427";"+ 400A";"press";"exhaust oil mist";"427M23"
"301";"97";"BreakPoint_H_1";"A";"pending";"90.71";"77.3";"1192.0";"871.0";"=400/3.2/1L2.20";"=400/3.2/1L2.20";"";"79";"29";"= 427";"+ 400A";"press";"exhaust oil mist";"427M23"
"302";"97";"BreakPoint_H_1";"A";"pending";"90.71";"88.64";"1192.0";"871.0";"=400/3.2/1L3.20";"=400/3.2/1L3.20";"";"79";"29";"= 427";"+ 400A";"press";"exhaust oil mist";"427M23"
"303";"98";"BreakPoint_H_1";"A";"pending";"657.64";"77.3";"1192.0";"871.0";"=400/4b.9/L3.11+";"=400/4b.9/L3.11+";"";"80";"29";"= 427";"+ 400A";"press";"fan air circulation belt lubrication top";"427M24"
"304";"98";"BreakPoint_H_1";"A";"pending";"657.64";"712.26";"1192.0";"871.0";"=400/4a.9/L2.0";"=400/4a.9/L2.0";"";"80";"29";"= 427";"+ 400A";"press";"fan air circulation belt lubrication top";"427M24"
"305";"98";"BreakPoint_H_1";"A";"pending";"90.71";"65.96";"1192.0";"871.0";"=400/3.2/1L1.20";"=400/3.2/1L1.20";"";"80";"29";"= 427";"+ 400A";"press";"fan air circulation belt lubrication top";"427M24"
"306";"98";"BreakPoint_H_1";"A";"pending";"90.71";"77.3";"1192.0";"871.0";"=400/3.2/1L2.20";"=400/3.2/1L2.20";"";"80";"29";"= 427";"+ 400A";"press";"fan air circulation belt lubrication top";"427M24"
"307";"98";"BreakPoint_H_1";"A";"pending";"90.71";"88.64";"1192.0";"871.0";"=400/3.2/1L3.20";"=400/3.2/1L3.20";"";"80";"29";"= 427";"+ 400A";"press";"fan air circulation belt lubrication top";"427M24"
"308";"99";"BreakPoint_H_1";"A";"pending";"657.64";"77.3";"1192.0";"871.0";"=400/4b.9/L3.11+";"=400/4b.9/L3.11+";"";"81";"29";"= 427";"+ 400A";"press";"fan air circulation belt lubrication top";"427M25"
"309";"99";"BreakPoint_H_1";"A";"pending";"657.64";"712.26";"1192.0";"871.0";"=400/4a.9/L2.0";"=400/4a.9/L2.0";"";"81";"29";"= 427";"+ 400A";"press";"fan air circulation belt lubrication top";"427M25"
"310";"99";"BreakPoint_H_1";"A";"pending";"90.71";"65.96";"1192.0";"871.0";"=400/3.2/1L1.20";"=400/3.2/1L1.20";"";"81";"29";"= 427";"+ 400A";"press";"fan air circulation belt lubrication top";"427M25"
"311";"99";"BreakPoint_H_1";"A";"pending";"90.71";"77.3";"1192.0";"871.0";"=400/3.2/1L2.20";"=400/3.2/1L2.20";"";"81";"29";"= 427";"+ 400A";"press";"fan air circulation belt lubrication top";"427M25"
"312";"99";"BreakPoint_H_1";"A";"pending";"90.71";"88.64";"1192.0";"871.0";"=400/3.2/1L3.20";"=400/3.2/1L3.20";"";"81";"29";"= 427";"+ 400A";"press";"fan air circulation belt lubrication top";"427M25"
"313";"100";"BreakPoint_H_1";"A";"pending";"657.64";"77.3";"1192.0";"871.0";"=400/4b.9/L3.11+";"=400/4b.9/L3.11+";"";"82";"29";"= 427";"+ 400A";"press";"pump roll rod chain belt lubrication";"427M28"
"314";"100";"BreakPoint_H_1";"A";"pending";"657.64";"712.26";"1192.0";"871.0";"=400/4a.9/L2.0";"=400/4a.9/L2.0";"";"82";"29";"= 427";"+ 400A";"press";"pump roll rod chain belt lubrication";"427M28"
"315";"100";"BreakPoint_H_1";"A";"pending";"90.71";"65.96";"1192.0";"871.0";"=400/3.2/1L1.20";"=400/3.2/1L1.20";"";"82";"29";"= 427";"+ 400A";"press";"pump roll rod chain belt lubrication";"427M28"
"316";"100";"BreakPoint_H_1";"A";"pending";"90.71";"77.3";"1192.0";"871.0";"=400/3.2/1L2.20";"=400/3.2/1L2.20";"";"82";"29";"= 427";"+ 400A";"press";"pump roll rod chain belt lubrication";"427M28"
"317";"100";"BreakPoint_H_1";"A";"pending";"90.71";"88.64";"1192.0";"871.0";"=400/3.2/1L3.20";"=400/3.2/1L3.20";"";"82";"29";"= 427";"+ 400A";"press";"pump roll rod chain belt lubrication";"427M28"
"318";"101";"BreakPoint_H_1";"A";"pending";"657.64";"77.3";"1192.0";"871.0";"=400/4b.9/L3.11+";"=400/4b.9/L3.11+";"";"83";"29";"= 427";"+ 400A";"press";"pump align and press lubrication of chain";"427M29"
"319";"101";"BreakPoint_H_1";"A";"pending";"657.64";"712.26";"1192.0";"871.0";"=400/4a.9/L2.0";"=400/4a.9/L2.0";"";"83";"29";"= 427";"+ 400A";"press";"pump align and press lubrication of chain";"427M29"
"320";"101";"BreakPoint_H_1";"A";"pending";"90.71";"65.96";"1192.0";"871.0";"=400/3.2/1L1.20";"=400/3.2/1L1.20";"";"83";"29";"= 427";"+ 400A";"press";"pump align and press lubrication of chain";"427M29"
"321";"101";"BreakPoint_H_1";"A";"pending";"90.71";"77.3";"1192.0";"871.0";"=400/3.2/1L2.20";"=400/3.2/1L2.20";"";"83";"29";"= 427";"+ 400A";"press";"pump align and press lubrication of chain";"427M29"
"322";"101";"BreakPoint_H_1";"A";"pending";"90.71";"88.64";"1192.0";"871.0";"=400/3.2/1L3.20";"=400/3.2/1L3.20";"";"83";"29";"= 427";"+ 400A";"press";"pump align and press lubrication of chain";"427M29"
"323";"102";"BreakPoint_H_1";"A";"pending";"657.64";"77.3";"1192.0";"871.0";"=400/4b.9/L3.11+";"=400/4b.9/L3.11+";"";"84";"29";"= 427";"+ 400A";"press";"belt adjustment
middle belt";"427M30"
"324";"102";"BreakPoint_H_1";"A";"pending";"657.64";"712.26";"1192.0";"871.0";"=400/4a.9/L2.0";"=400/4a.9/L2.0";"";"84";"29";"= 427";"+ 400A";"press";"belt adjustment
middle belt";"427M30"
"325";"102";"BreakPoint_H_1";"A";"pending";"657.64";"485.49";"1192.0";"871.0";"=400/4a.9/L2.15";"=400/4a.9/L2.15";"";"84";"29";"= 427";"+ 400A";"press";"belt adjustment
middle belt";"427M30"
"326";"102";"BreakPoint_H_1";"A";"pending";"90.71";"65.96";"1192.0";"871.0";"=400/3.2/1L1.20";"=400/3.2/1L1.20";"";"84";"29";"= 427";"+ 400A";"press";"belt adjustment
middle belt";"427M30"
"327";"102";"BreakPoint_H_1";"A";"pending";"90.71";"77.3";"1192.0";"871.0";"=400/3.2/1L2.20";"=400/3.2/1L2.20";"";"84";"29";"= 427";"+ 400A";"press";"belt adjustment
middle belt";"427M30"
"328";"102";"BreakPoint_H_1";"A";"pending";"90.71";"88.64";"1192.0";"871.0";"=400/3.2/1L3.20";"=400/3.2/1L3.20";"";"84";"29";"= 427";"+ 400A";"press";"belt adjustment
middle belt";"427M30"
"329";"103";"BreakPoint_H_1";"A";"pending";"657.64";"77.3";"1192.0";"871.0";"=400/4b.9/L3.11+";"=400/4b.9/L3.11+";"";"85";"29";"= 427";"+ 400A";"press";"spare";""
"330";"103";"BreakPoint_H_1";"A";"pending";"657.64";"712.26";"1192.0";"871.0";"=400/4a.9/L2.0";"=400/4a.9/L2.0";"";"85";"29";"= 427";"+ 400A";"press";"spare";""
"331";"103";"BreakPoint_H_1";"A";"pending";"657.64";"485.49";"1192.0";"871.0";"=400/4a.9/L2.15";"=400/4a.9/L2.15";"";"85";"29";"= 427";"+ 400A";"press";"spare";""
"332";"103";"BreakPoint_H_1";"A";"pending";"90.71";"65.96";"1192.0";"871.0";"=400/3.2/1L1.20";"=400/3.2/1L1.20";"";"85";"29";"= 427";"+ 400A";"press";"spare";""
"333";"103";"BreakPoint_H_1";"A";"pending";"90.71";"77.3";"1192.0";"871.0";"=400/3.2/1L2.20";"=400/3.2/1L2.20";"";"85";"29";"= 427";"+ 400A";"press";"spare";""
"334";"103";"BreakPoint_H_1";"A";"pending";"90.71";"88.64";"1192.0";"871.0";"=400/3.2/1L3.20";"=400/3.2/1L3.20";"";"85";"29";"= 427";"+ 400A";"press";"spare";""
"335";"104";"BreakPoint_H_1";"A";"pending";"657.64";"77.3";"1192.0";"871.0";"=400/4b.9/L3.11+";"=400/4b.9/L3.11+";"";"86";"29";"= 427";"+ 400A";"press";"spare";""
"336";"104";"BreakPoint_H_1";"A";"pending";"657.64";"712.26";"1192.0";"871.0";"=400/4a.9/L2.0";"=400/4a.9/L2.0";"";"86";"29";"= 427";"+ 400A";"press";"spare";""
"337";"104";"BreakPoint_H_1";"A";"pending";"657.64";"485.49";"1192.0";"871.0";"=400/4a.9/L2.15";"=400/4a.9/L2.15";"";"86";"29";"= 427";"+ 400A";"press";"spare";""
"338";"104";"BreakPoint_H_1";"A";"pending";"90.71";"65.96";"1192.0";"871.0";"=400/3.2/1L1.20";"=400/3.2/1L1.20";"";"86";"29";"= 427";"+ 400A";"press";"spare";""
"339";"104";"BreakPoint_H_1";"A";"pending";"90.71";"77.3";"1192.0";"871.0";"=400/3.2/1L2.20";"=400/3.2/1L2.20";"";"86";"29";"= 427";"+ 400A";"press";"spare";""
"340";"104";"BreakPoint_H_1";"A";"pending";"90.71";"88.64";"1192.0";"871.0";"=400/3.2/1L3.20";"=400/3.2/1L3.20";"";"86";"29";"= 427";"+ 400A";"press";"spare";""
"341";"105";"BreakPoint_H_1";"A";"pending";"657.64";"77.3";"1192.0";"871.0";"=400/4b.9/L3.11+";"=400/4b.9/L3.11+";"";"87";"29";"= 427";"+ 400A";"press";"spare";""
"342";"105";"BreakPoint_H_1";"A";"pending";"657.64";"712.26";"1192.0";"871.0";"=400/4a.9/L2.0";"=400/4a.9/L2.0";"";"87";"29";"= 427";"+ 400A";"press";"spare";""
"343";"105";"BreakPoint_H_1";"A";"pending";"657.64";"485.49";"1192.0";"871.0";"=400/4a.9/L2.15";"=400/4a.9/L2.15";"";"87";"29";"= 427";"+ 400A";"press";"spare";""
"344";"105";"BreakPoint_H_1";"A";"pending";"90.71";"65.96";"1192.0";"871.0";"=400/3.2/1L1.20";"=400/3.2/1L1.20";"";"87";"29";"= 427";"+ 400A";"press";"spare";""
"345";"105";"BreakPoint_H_1";"A";"pending";"90.71";"77.3";"1192.0";"871.0";"=400/3.2/1L2.20";"=400/3.2/1L2.20";"";"87";"29";"= 427";"+ 400A";"press";"spare";""
"346";"105";"BreakPoint_H_1";"A";"pending";"90.71";"88.64";"1192.0";"871.0";"=400/3.2/1L3.20";"=400/3.2/1L3.20";"";"87";"29";"= 427";"+ 400A";"press";"spare";""
"347";"106";"BreakPoint_H_1";"A";"pending";"657.64";"77.3";"1192.0";"871.0";"=400/4b.9/L3.11+";"=400/4b.9/L3.11+";"";"88";"29";"= 427";"+ 400A";"press";"spare";""
"348";"106";"BreakPoint_H_1";"A";"pending";"657.64";"712.26";"1192.0";"871.0";"=400/4a.9/L2.0";"=400/4a.9/L2.0";"";"88";"29";"= 427";"+ 400A";"press";"spare";""
"349";"106";"BreakPoint_H_1";"A";"pending";"657.64";"485.49";"1192.0";"871.0";"=400/4a.9/L2.15";"=400/4a.9/L2.15";"";"88";"29";"= 427";"+ 400A";"press";"spare";""
"350";"106";"BreakPoint_H_1";"A";"pending";"90.71";"65.96";"1192.0";"871.0";"=400/3.2/1L1.20";"=400/3.2/1L1.20";"";"88";"29";"= 427";"+ 400A";"press";"spare";""
"351";"106";"BreakPoint_H_1";"A";"pending";"90.71";"77.3";"1192.0";"871.0";"=400/3.2/1L2.20";"=400/3.2/1L2.20";"";"88";"29";"= 427";"+ 400A";"press";"spare";""
"352";"106";"BreakPoint_H_1";"A";"pending";"90.71";"88.64";"1192.0";"871.0";"=400/3.2/1L3.20";"=400/3.2/1L3.20";"";"88";"29";"= 427";"+ 400A";"press";"spare";""
"353";"107";"BreakPoint_H_1";"A";"pending";"657.64";"712.26";"1192.0";"871.0";"=400/4a.9/L2.0";"=400/4a.9/L2.0";"";"88a";"29";"= 427";"+ 400A";"press";"spare";""
"354";"107";"BreakPoint_H_1";"A";"pending";"657.64";"77.3";"1192.0";"871.0";"=400/4b.9/L3.11+";"=400/4b.9/L3.11+";"";"88a";"29";"= 427";"+ 400A";"press";"spare";""
"355";"107";"BreakPoint_H_1";"A";"pending";"657.64";"485.49";"1192.0";"871.0";"=400/4a.9/L2.15";"=400/4a.9/L2.15";"";"88a";"29";"= 427";"+ 400A";"press";"spare";""
"356";"107";"BreakPoint_H_1";"A";"pending";"90.71";"65.96";"1192.0";"871.0";"=400/3.2/1L1.20";"=400/3.2/1L1.20";"";"88a";"29";"= 427";"+ 400A";"press";"spare";""
"357";"107";"BreakPoint_H_1";"A";"pending";"90.71";"77.3";"1192.0";"871.0";"=400/3.2/1L2.20";"=400/3.2/1L2.20";"";"88a";"29";"= 427";"+ 400A";"press";"spare";""
"358";"107";"BreakPoint_H_1";"A";"pending";"90.71";"88.64";"1192.0";"871.0";"=400/3.2/1L3.20";"=400/3.2/1L3.20";"";"88a";"29";"= 427";"+ 400A";"press";"spare";""
"359";"108";"BreakPoint_H_1";"A";"pending";"657.64";"712.26";"1192.0";"871.0";"=400/4a.9/L2.0";"=400/4a.9/L2.0";"";"88b";"29";"= 427";"+ 400A";"press";"spare";""
"360";"108";"BreakPoint_H_1";"A";"pending";"657.64";"77.3";"1192.0";"871.0";"=400/4b.9/L3.11+";"=400/4b.9/L3.11+";"";"88b";"29";"= 427";"+ 400A";"press";"spare";""
"361";"108";"BreakPoint_H_1";"A";"pending";"657.64";"485.49";"1192.0";"871.0";"=400/4a.9/L2.15";"=400/4a.9/L2.15";"";"88b";"29";"= 427";"+ 400A";"press";"spare";""
"362";"108";"BreakPoint_H_1";"A";"pending";"90.71";"65.96";"1192.0";"871.0";"=400/3.2/1L1.20";"=400/3.2/1L1.20";"";"88b";"29";"= 427";"+ 400A";"press";"spare";""
"363";"108";"BreakPoint_H_1";"A";"pending";"90.71";"77.3";"1192.0";"871.0";"=400/3.2/1L2.20";"=400/3.2/1L2.20";"";"88b";"29";"= 427";"+ 400A";"press";"spare";""
"364";"108";"BreakPoint_H_1";"A";"pending";"90.71";"88.64";"1192.0";"871.0";"=400/3.2/1L3.20";"=400/3.2/1L3.20";"";"88b";"29";"= 427";"+ 400A";"press";"spare";""
"365";"109";"BreakPoint_H_1";"A";"pending";"612.28";"77.3";"1192.0";"871.0";"=400/4b.9/L3.11+";"=400/4b.9/L3.11+";"";"89";"29";"= 427";"+ 400A";"press";"stop bar adjustment frame 1 - 8 right";"427M301"
"366";"109";"BreakPoint_H_1";"A";"pending";"612.28";"712.26";"1192.0";"871.0";"=400/4a.9/L2.0";"=400/4a.9/L2.0";"";"89";"29";"= 427";"+ 400A";"press";"stop bar adjustment frame 1 - 8 right";"427M301"
"367";"109";"BreakPoint_H_1";"A";"pending";"612.28";"304.07";"1192.0";"871.0";"=400/4a.9/L2.15";"=400/4a.9/L2.15";"";"89";"29";"= 427";"+ 400A";"press";"stop bar adjustment frame 1 - 8 right";"427M301"
"368";"109";"BreakPoint_H_1";"A";"pending";"453.54";"202.02";"1192.0";"871.0";"=400/4a.9/L2.0";"=400/4a.9/L2.0";"";"89";"29";"= 427";"+ 400A";"press";"stop bar adjustment frame 1 - 8 right";"427M301"
"369";"109";"BreakPoint_H_1";"A";"pending";"453.54";"179.35";"1192.0";"871.0";"=400/4a.9/L2.15";"=400/4a.9/L2.15";"";"89";"29";"= 427";"+ 400A";"press";"stop bar adjustment frame 1 - 8 right";"427M301"
"370";"109";"BreakPoint_H_1";"A";"pending";"90.71";"65.96";"1192.0";"871.0";"=400/3.3/1L1.21";"=400/3.3/1L1.21";"";"89";"29";"= 427";"+ 400A";"press";"stop bar adjustment frame 1 - 8 right";"427M301"
"371";"109";"BreakPoint_H_1";"A";"pending";"90.71";"77.3";"1192.0";"871.0";"=400/3.3/1L2.21";"=400/3.3/1L2.21";"";"89";"29";"= 427";"+ 400A";"press";"stop bar adjustment frame 1 - 8 right";"427M301"
"372";"109";"BreakPoint_H_1";"A";"pending";"90.71";"88.64";"1192.0";"871.0";"=400/3.3/1L3.21";"=400/3.3/1L3.21";"";"89";"29";"= 427";"+ 400A";"press";"stop bar adjustment frame 1 - 8 right";"427M301"
"373";"110";"BreakPoint_H_1";"A";"pending";"612.28";"77.3";"1192.0";"871.0";"=400/4b.9/L3.11+";"=400/4b.9/L3.11+";"";"90";"29";"= 427";"+ 400A";"press";"stop bar adjustment frame 1 - 8 left";"427M302"
"374";"110";"BreakPoint_H_1";"A";"pending";"612.28";"712.26";"1192.0";"871.0";"=400/4a.9/L2.0";"=400/4a.9/L2.0";"";"90";"29";"= 427";"+ 400A";"press";"stop bar adjustment frame 1 - 8 left";"427M302"
"375";"110";"BreakPoint_H_1";"A";"pending";"612.28";"304.07";"1192.0";"871.0";"=400/4a.9/L2.15";"=400/4a.9/L2.15";"";"90";"29";"= 427";"+ 400A";"press";"stop bar adjustment frame 1 - 8 left";"427M302"
"376";"110";"BreakPoint_H_1";"A";"pending";"453.54";"202.02";"1192.0";"871.0";"=400/4a.9/L2.0";"=400/4a.9/L2.0";"";"90";"29";"= 427";"+ 400A";"press";"stop bar adjustment frame 1 - 8 left";"427M302"
"377";"110";"BreakPoint_H_1";"A";"pending";"453.54";"179.35";"1192.0";"871.0";"=400/4a.9/L2.15";"=400/4a.9/L2.15";"";"90";"29";"= 427";"+ 400A";"press";"stop bar adjustment frame 1 - 8 left";"427M302"
"378";"110";"BreakPoint_H_1";"A";"pending";"90.71";"65.96";"1192.0";"871.0";"=400/3.3/1L1.21";"=400/3.3/1L1.21";"";"90";"29";"= 427";"+ 400A";"press";"stop bar adjustment frame 1 - 8 left";"427M302"
"379";"110";"BreakPoint_H_1";"A";"pending";"90.71";"77.3";"1192.0";"871.0";"=400/3.3/1L2.21";"=400/3.3/1L2.21";"";"90";"29";"= 427";"+ 400A";"press";"stop bar adjustment frame 1 - 8 left";"427M302"
"380";"110";"BreakPoint_H_1";"A";"pending";"90.71";"88.64";"1192.0";"871.0";"=400/3.3/1L3.21";"=400/3.3/1L3.21";"";"90";"29";"= 427";"+ 400A";"press";"stop bar adjustment frame 1 - 8 left";"427M302"
"381";"111";"BreakPoint_H_1";"A";"pending";"612.28";"77.3";"1192.0";"871.0";"=400/4b.9/L3.11+";"=400/4b.9/L3.11+";"";"91";"29";"= 427";"+ 400A";"press";"stop bar adjustment frame 9 - 16 right";"427M303"
"382";"111";"BreakPoint_H_1";"A";"pending";"612.28";"712.26";"1192.0";"871.0";"=400/4a.9/L2.0";"=400/4a.9/L2.0";"";"91";"29";"= 427";"+ 400A";"press";"stop bar adjustment frame 9 - 16 right";"427M303"
"383";"111";"BreakPoint_H_1";"A";"pending";"612.28";"304.07";"1192.0";"871.0";"=400/4a.9/L2.15";"=400/4a.9/L2.15";"";"91";"29";"= 427";"+ 400A";"press";"stop bar adjustment frame 9 - 16 right";"427M303"
"384";"111";"BreakPoint_H_1";"A";"pending";"453.54";"202.02";"1192.0";"871.0";"=400/4a.9/L2.0";"=400/4a.9/L2.0";"";"91";"29";"= 427";"+ 400A";"press";"stop bar adjustment frame 9 - 16 right";"427M303"
"385";"111";"BreakPoint_H_1";"A";"pending";"453.54";"179.35";"1192.0";"871.0";"=400/4a.9/L2.15";"=400/4a.9/L2.15";"";"91";"29";"= 427";"+ 400A";"press";"stop bar adjustment frame 9 - 16 right";"427M303"
"386";"111";"BreakPoint_H_1";"A";"pending";"90.71";"65.96";"1192.0";"871.0";"=400/3.3/1L1.21";"=400/3.3/1L1.21";"";"91";"29";"= 427";"+ 400A";"press";"stop bar adjustment frame 9 - 16 right";"427M303"
"387";"111";"BreakPoint_H_1";"A";"pending";"90.71";"77.3";"1192.0";"871.0";"=400/3.3/1L2.21";"=400/3.3/1L2.21";"";"91";"29";"= 427";"+ 400A";"press";"stop bar adjustment frame 9 - 16 right";"427M303"
"388";"111";"BreakPoint_H_1";"A";"pending";"90.71";"88.64";"1192.0";"871.0";"=400/3.3/1L3.21";"=400/3.3/1L3.21";"";"91";"29";"= 427";"+ 400A";"press";"stop bar adjustment frame 9 - 16 right";"427M303"
"389";"112";"BreakPoint_H_1";"A";"pending";"612.28";"77.3";"1192.0";"871.0";"=400/4b.9/L3.11+";"=400/4b.9/L3.11+";"";"92";"29";"= 427";"+ 400A";"press";"stop bar adjustment frame 9 - 16 left";"427M304"
"390";"112";"BreakPoint_H_1";"A";"pending";"612.28";"712.26";"1192.0";"871.0";"=400/4a.9/L2.0";"=400/4a.9/L2.0";"";"92";"29";"= 427";"+ 400A";"press";"stop bar adjustment frame 9 - 16 left";"427M304"
"391";"112";"BreakPoint_H_1";"A";"pending";"612.28";"304.07";"1192.0";"871.0";"=400/4a.9/L2.15";"=400/4a.9/L2.15";"";"92";"29";"= 427";"+ 400A";"press";"stop bar adjustment frame 9 - 16 left";"427M304"
"392";"112";"BreakPoint_H_1";"A";"pending";"453.54";"202.02";"1192.0";"871.0";"=400/4a.9/L2.0";"=400/4a.9/L2.0";"";"92";"29";"= 427";"+ 400A";"press";"stop bar adjustment frame 9 - 16 left";"427M304"
"393";"112";"BreakPoint_H_1";"A";"pending";"453.54";"179.35";"1192.0";"871.0";"=400/4a.9/L2.15";"=400/4a.9/L2.15";"";"92";"29";"= 427";"+ 400A";"press";"stop bar adjustment frame 9 - 16 left";"427M304"
"394";"112";"BreakPoint_H_1";"A";"pending";"90.71";"65.96";"1192.0";"871.0";"=400/3.3/1L1.21";"=400/3.3/1L1.21";"";"92";"29";"= 427";"+ 400A";"press";"stop bar adjustment frame 9 - 16 left";"427M304"
"395";"112";"BreakPoint_H_1";"A";"pending";"90.71";"77.3";"1192.0";"871.0";"=400/3.3/1L2.21";"=400/3.3/1L2.21";"";"92";"29";"= 427";"+ 400A";"press";"stop bar adjustment frame 9 - 16 left";"427M304"
"396";"112";"BreakPoint_H_1";"A";"pending";"90.71";"88.64";"1192.0";"871.0";"=400/3.3/1L3.21";"=400/3.3/1L3.21";"";"92";"29";"= 427";"+ 400A";"press";"stop bar adjustment frame 9 - 16 left";"427M304"
"397";"113";"BreakPoint_H_1";"A";"pending";"612.28";"77.3";"1192.0";"871.0";"=400/4b.9/L3.11+";"=400/4b.9/L3.11+";"";"93";"29";"= 427";"+ 400A";"press";"stop bar adjustment frame 17 - 24 right";"427M305"
"398";"113";"BreakPoint_H_1";"A";"pending";"612.28";"712.26";"1192.0";"871.0";"=400/4a.9/L2.0";"=400/4a.9/L2.0";"";"93";"29";"= 427";"+ 400A";"press";"stop bar adjustment frame 17 - 24 right";"427M305"
"399";"113";"BreakPoint_H_1";"A";"pending";"612.28";"304.07";"1192.0";"871.0";"=400/4a.9/L2.15";"=400/4a.9/L2.15";"";"93";"29";"= 427";"+ 400A";"press";"stop bar adjustment frame 17 - 24 right";"427M305"
"400";"113";"BreakPoint_H_1";"A";"pending";"453.54";"202.02";"1192.0";"871.0";"=400/4a.9/L2.0";"=400/4a.9/L2.0";"";"93";"29";"= 427";"+ 400A";"press";"stop bar adjustment frame 17 - 24 right";"427M305"
"401";"113";"BreakPoint_H_1";"A";"pending";"453.54";"179.35";"1192.0";"871.0";"=400/4a.9/L2.15";"=400/4a.9/L2.15";"";"93";"29";"= 427";"+ 400A";"press";"stop bar adjustment frame 17 - 24 right";"427M305"
"402";"113";"BreakPoint_H_1";"A";"pending";"90.71";"65.96";"1192.0";"871.0";"=400/3.3/1L1.21";"=400/3.3/1L1.21";"";"93";"29";"= 427";"+ 400A";"press";"stop bar adjustment frame 17 - 24 right";"427M305"
"403";"113";"BreakPoint_H_1";"A";"pending";"90.71";"77.3";"1192.0";"871.0";"=400/3.3/1L2.21";"=400/3.3/1L2.21";"";"93";"29";"= 427";"+ 400A";"press";"stop bar adjustment frame 17 - 24 right";"427M305"
"404";"113";"BreakPoint_H_1";"A";"pending";"90.71";"88.64";"1192.0";"871.0";"=400/3.3/1L3.21";"=400/3.3/1L3.21";"";"93";"29";"= 427";"+ 400A";"press";"stop bar adjustment frame 17 - 24 right";"427M305"
"405";"114";"BreakPoint_H_1";"A";"pending";"612.28";"77.3";"1192.0";"871.0";"=400/4b.9/L3.11+";"=400/4b.9/L3.11+";"";"94";"29";"= 427";"+ 400A";"press";"stop bar adjustment frame 17 - 24 left";"427M306"
"406";"114";"BreakPoint_H_1";"A";"pending";"612.28";"712.26";"1192.0";"871.0";"=400/4a.9/L2.0";"=400/4a.9/L2.0";"";"94";"29";"= 427";"+ 400A";"press";"stop bar adjustment frame 17 - 24 left";"427M306"
"407";"114";"BreakPoint_H_1";"A";"pending";"612.28";"304.07";"1192.0";"871.0";"=400/4a.9/L2.15";"=400/4a.9/L2.15";"";"94";"29";"= 427";"+ 400A";"press";"stop bar adjustment frame 17 - 24 left";"427M306"
"408";"114";"BreakPoint_H_1";"A";"pending";"453.54";"202.02";"1192.0";"871.0";"=400/4a.9/L2.0";"=400/4a.9/L2.0";"";"94";"29";"= 427";"+ 400A";"press";"stop bar adjustment frame 17 - 24 left";"427M306"
"409";"114";"BreakPoint_H_1";"A";"pending";"453.54";"179.35";"1192.0";"871.0";"=400/4a.9/L2.15";"=400/4a.9/L2.15";"";"94";"29";"= 427";"+ 400A";"press";"stop bar adjustment frame 17 - 24 left";"427M306"
"410";"114";"BreakPoint_H_1";"A";"pending";"90.71";"65.96";"1192.0";"871.0";"=400/3.3/1L1.21";"=400/3.3/1L1.21";"";"94";"29";"= 427";"+ 400A";"press";"stop bar adjustment frame 17 - 24 left";"427M306"
"411";"114";"BreakPoint_H_1";"A";"pending";"90.71";"77.3";"1192.0";"871.0";"=400/3.3/1L2.21";"=400/3.3/1L2.21";"";"94";"29";"= 427";"+ 400A";"press";"stop bar adjustment frame 17 - 24 left";"427M306"
"412";"114";"BreakPoint_H_1";"A";"pending";"90.71";"88.64";"1192.0";"871.0";"=400/3.3/1L3.21";"=400/3.3/1L3.21";"";"94";"29";"= 427";"+ 400A";"press";"stop bar adjustment frame 17 - 24 left";"427M306"
"413";"115";"BreakPoint_H_1";"A";"pending";"612.28";"712.26";"1192.0";"871.0";"=400/4a.9/L2.0";"=400/4a.9/L2.0";"";"94a";"29";"= 427";"+ 400A";"press";"stop bar adjustment frame 25 - 33 right";"427M307"
"414";"115";"BreakPoint_H_1";"A";"pending";"612.28";"77.3";"1192.0";"871.0";"=400/4b.9/L3.11+";"=400/4b.9/L3.11+";"";"94a";"29";"= 427";"+ 400A";"press";"stop bar adjustment frame 25 - 33 right";"427M307"
"415";"115";"BreakPoint_H_1";"A";"pending";"612.28";"304.07";"1192.0";"871.0";"=400/4a.9/L2.15";"=400/4a.9/L2.15";"";"94a";"29";"= 427";"+ 400A";"press";"stop bar adjustment frame 25 - 33 right";"427M307"
"416";"115";"BreakPoint_H_1";"A";"pending";"453.54";"202.02";"1192.0";"871.0";"=400/4a.9/L2.0";"=400/4a.9/L2.0";"";"94a";"29";"= 427";"+ 400A";"press";"stop bar adjustment frame 25 - 33 right";"427M307"
"417";"115";"BreakPoint_H_1";"A";"pending";"453.54";"179.35";"1192.0";"871.0";"=400/4a.9/L2.15";"=400/4a.9/L2.15";"";"94a";"29";"= 427";"+ 400A";"press";"stop bar adjustment frame 25 - 33 right";"427M307"
"418";"115";"BreakPoint_H_1";"A";"pending";"90.71";"65.96";"1192.0";"871.0";"=400/3.3/1L1.21";"=400/3.3/1L1.21";"";"94a";"29";"= 427";"+ 400A";"press";"stop bar adjustment frame 25 - 33 right";"427M307"
"419";"115";"BreakPoint_H_1";"A";"pending";"90.71";"77.3";"1192.0";"871.0";"=400/3.3/1L2.21";"=400/3.3/1L2.21";"";"94a";"29";"= 427";"+ 400A";"press";"stop bar adjustment frame 25 - 33 right";"427M307"
"420";"115";"BreakPoint_H_1";"A";"pending";"90.71";"88.64";"1192.0";"871.0";"=400/3.3/1L3.21";"=400/3.3/1L3.21";"";"94a";"29";"= 427";"+ 400A";"press";"stop bar adjustment frame 25 - 33 right";"427M307"
"421";"116";"BreakPoint_H_1";"A";"pending";"612.28";"712.26";"1192.0";"871.0";"=400/4a.9/L2.0";"=400/4a.9/L2.0";"";"94b";"29";"= 427";"+ 400A";"press";"stop bar adjustment frame 25 - 33 left";"427M308"
"422";"116";"BreakPoint_H_1";"A";"pending";"612.28";"77.3";"1192.0";"871.0";"=400/4b.9/L3.11+";"=400/4b.9/L3.11+";"";"94b";"29";"= 427";"+ 400A";"press";"stop bar adjustment frame 25 - 33 left";"427M308"
"423";"116";"BreakPoint_H_1";"A";"pending";"612.28";"304.07";"1192.0";"871.0";"=400/4a.9/L2.15";"=400/4a.9/L2.15";"";"94b";"29";"= 427";"+ 400A";"press";"stop bar adjustment frame 25 - 33 left";"427M308"
"424";"116";"BreakPoint_H_1";"A";"pending";"453.54";"202.02";"1192.0";"871.0";"=400/4a.9/L2.0";"=400/4a.9/L2.0";"";"94b";"29";"= 427";"+ 400A";"press";"stop bar adjustment frame 25 - 33 left";"427M308"
"425";"116";"BreakPoint_H_1";"A";"pending";"453.54";"179.35";"1192.0";"871.0";"=400/4a.9/L2.15";"=400/4a.9/L2.15";"";"94b";"29";"= 427";"+ 400A";"press";"stop bar adjustment frame 25 - 33 left";"427M308"
"426";"116";"BreakPoint_H_1";"A";"pending";"90.71";"65.96";"1192.0";"871.0";"=400/3.3/1L1.21";"=400/3.3/1L1.21";"";"94b";"29";"= 427";"+ 400A";"press";"stop bar adjustment frame 25 - 33 left";"427M308"
"427";"116";"BreakPoint_H_1";"A";"pending";"90.71";"77.3";"1192.0";"871.0";"=400/3.3/1L2.21";"=400/3.3/1L2.21";"";"94b";"29";"= 427";"+ 400A";"press";"stop bar adjustment frame 25 - 33 left";"427M308"
"428";"116";"BreakPoint_H_1";"A";"pending";"90.71";"88.64";"1192.0";"871.0";"=400/3.3/1L3.21";"=400/3.3/1L3.21";"";"94b";"29";"= 427";"+ 400A";"press";"stop bar adjustment frame 25 - 33 left";"427M308"
"429";"117";"BreakPoint_H_1";"A";"pending";"453.54";"712.26";"1192.0";"871.0";"0.201=400/1b.4/L01";"0.201=400/1b.4/L01";"";"100";"29";"= 427";"+ 400A";"press";"central hydraulic band control";"427M?"
"430";"118";"BreakPoint_H_1";"A";"pending";"657.64";"77.3";"1192.0";"871.0";"=400/4b.9/L3.18+";"=400/4b.9/L3.18+";"";"95";"4";"= 442";"+ 400A";"trim saw";"right hand side in front
spare";"442M1"
"431";"118";"BreakPoint_H_1";"A";"pending";"657.64";"712.26";"1192.0";"871.0";"=400/4a.9/L2.0";"=400/4a.9/L2.0";"";"95";"4";"= 442";"+ 400A";"trim saw";"right hand side in front
spare";"442M1"
"432";"118";"BreakPoint_H_1";"A";"pending";"827.72";"338.09";"1192.0";"871.0";"=400/4a.9/L2.10";"=400/4a.9/L2.10";"";"95";"4";"= 442";"+ 400A";"trim saw";"right hand side in front
spare";"442M1"
"433";"118";"BreakPoint_H_1";"A";"pending";"90.71";"65.96";"1192.0";"871.0";"=400/3.4/1L1.22";"=400/3.4/1L1.22";"";"95";"4";"= 442";"+ 400A";"trim saw";"right hand side in front
spare";"442M1"
"434";"118";"BreakPoint_H_1";"A";"pending";"90.71";"77.3";"1192.0";"871.0";"=400/3.4/1L2.22";"=400/3.4/1L2.22";"";"95";"4";"= 442";"+ 400A";"trim saw";"right hand side in front
spare";"442M1"
"435";"118";"BreakPoint_H_1";"A";"pending";"90.71";"88.64";"1192.0";"871.0";"=400/3.4/1L3.22";"=400/3.4/1L3.22";"";"95";"4";"= 442";"+ 400A";"trim saw";"right hand side in front
spare";"442M1"
"436";"119";"BreakPoint_H_1";"A";"pending";"657.64";"77.3";"1192.0";"871.0";"=400/4b.9/L3.18+";"=400/4b.9/L3.18+";"";"96";"4";"= 442";"+ 400A";"trim saw";"right hand side at rear
spare";"442M2"
"437";"119";"BreakPoint_H_1";"A";"pending";"657.64";"712.26";"1192.0";"871.0";"=400/4a.9/L2.0";"=400/4a.9/L2.0";"";"96";"4";"= 442";"+ 400A";"trim saw";"right hand side at rear
spare";"442M2"
"438";"119";"BreakPoint_H_1";"A";"pending";"827.72";"338.09";"1192.0";"871.0";"=400/4a.9/L2.10";"=400/4a.9/L2.10";"";"96";"4";"= 442";"+ 400A";"trim saw";"right hand side at rear
spare";"442M2"
"439";"119";"BreakPoint_H_1";"A";"pending";"90.71";"65.96";"1192.0";"871.0";"=400/3.5/1L1.23";"=400/3.5/1L1.23";"";"96";"4";"= 442";"+ 400A";"trim saw";"right hand side at rear
spare";"442M2"
"440";"119";"BreakPoint_H_1";"A";"pending";"90.71";"77.3";"1192.0";"871.0";"=400/3.5/1L2.23";"=400/3.5/1L2.23";"";"96";"4";"= 442";"+ 400A";"trim saw";"right hand side at rear
spare";"442M2"
"441";"119";"BreakPoint_H_1";"A";"pending";"90.71";"88.64";"1192.0";"871.0";"=400/3.5/1L3.23";"=400/3.5/1L3.23";"";"96";"4";"= 442";"+ 400A";"trim saw";"right hand side at rear
spare";"442M2"
"442";"120";"BreakPoint_H_1";"A";"pending";"657.64";"77.3";"1192.0";"871.0";"=400/4b.9/L3.18+";"=400/4b.9/L3.18+";"";"97";"4";"= 442";"+ 400A";"trim saw";"left hand side in front
spare";"442M3"
"443";"120";"BreakPoint_H_1";"A";"pending";"657.64";"712.26";"1192.0";"871.0";"=400/4a.9/L2.0";"=400/4a.9/L2.0";"";"97";"4";"= 442";"+ 400A";"trim saw";"left hand side in front
spare";"442M3"
"444";"120";"BreakPoint_H_1";"A";"pending";"827.72";"338.09";"1192.0";"871.0";"=400/4a.9/L2.10";"=400/4a.9/L2.10";"";"97";"4";"= 442";"+ 400A";"trim saw";"left hand side in front
spare";"442M3"
"445";"120";"BreakPoint_H_1";"A";"pending";"90.71";"65.96";"1192.0";"871.0";"=400/3.4/1L1.22";"=400/3.4/1L1.22";"";"97";"4";"= 442";"+ 400A";"trim saw";"left hand side in front
spare";"442M3"
"446";"120";"BreakPoint_H_1";"A";"pending";"90.71";"77.3";"1192.0";"871.0";"=400/3.4/1L2.22";"=400/3.4/1L2.22";"";"97";"4";"= 442";"+ 400A";"trim saw";"left hand side in front
spare";"442M3"
"447";"120";"BreakPoint_H_1";"A";"pending";"90.71";"88.64";"1192.0";"871.0";"=400/3.4/1L3.22";"=400/3.4/1L3.22";"";"97";"4";"= 442";"+ 400A";"trim saw";"left hand side in front
spare";"442M3"
"448";"121";"BreakPoint_H_1";"A";"pending";"657.64";"77.3";"1192.0";"871.0";"=400/4b.9/L3.18+";"=400/4b.9/L3.18+";"";"98";"4";"= 442";"+ 400A";"trim saw";"left hand side at rear
spare";"442M4"
"449";"121";"BreakPoint_H_1";"A";"pending";"657.64";"712.26";"1192.0";"871.0";"=400/4a.9/L2.0";"=400/4a.9/L2.0";"";"98";"4";"= 442";"+ 400A";"trim saw";"left hand side at rear
spare";"442M4"
"450";"121";"BreakPoint_H_1";"A";"pending";"827.72";"338.09";"1192.0";"871.0";"=400/4a.9/L2.10";"=400/4a.9/L2.10";"";"98";"4";"= 442";"+ 400A";"trim saw";"left hand side at rear
spare";"442M4"
"451";"121";"BreakPoint_H_1";"A";"pending";"90.71";"65.96";"1192.0";"871.0";"=400/3.5/1L1.23";"=400/3.5/1L1.23";"";"98";"4";"= 442";"+ 400A";"trim saw";"left hand side at rear
spare";"442M4"
"452";"121";"BreakPoint_H_1";"A";"pending";"90.71";"77.3";"1192.0";"871.0";"=400/3.5/1L2.23";"=400/3.5/1L2.23";"";"98";"4";"= 442";"+ 400A";"trim saw";"left hand side at rear
spare";"442M4"
"453";"121";"BreakPoint_H_1";"A";"pending";"90.71";"88.64";"1192.0";"871.0";"=400/3.5/1L3.23";"=400/3.5/1L3.23";"";"98";"4";"= 442";"+ 400A";"trim saw";"left hand side at rear
spare";"442M4"
"454";"122";"BreakPoint_H_1";"A";"pending";"748.35";"77.3";"1192.0";"871.0";"=400/4b.9/L3.18+";"=400/4b.9/L3.18+";"";"99";"1";"= 447";"+ 400A";"";"roller conveyor
spare";"447M1"
"455";"122";"BreakPoint_H_1";"A";"pending";"748.35";"712.26";"1192.0";"871.0";"=400/4a.9/L2.0";"=400/4a.9/L2.0";"";"99";"1";"= 447";"+ 400A";"";"roller conveyor
spare";"447M1"
"456";"122";"BreakPoint_H_1";"A";"pending";"385.51";"202.02";"1192.0";"871.0";"=400/4.9/L1.0";"=400/4.9/L1.0";"";"99";"1";"= 447";"+ 400A";"";"roller conveyor
spare";"447M1"
"457";"122";"BreakPoint_H_1";"A";"pending";"385.51";"179.35";"1192.0";"871.0";"=400/4.9/L1.13";"=400/4.9/L1.13";"";"99";"1";"= 447";"+ 400A";"";"roller conveyor
spare";"447M1"
"458";"122";"BreakPoint_H_1";"A";"pending";"555.59";"202.02";"1192.0";"871.0";"=400/4a.9/L2.0";"=400/4a.9/L2.0";"";"99";"1";"= 447";"+ 400A";"";"roller conveyor
spare";"447M1"
"459";"122";"BreakPoint_H_1";"A";"pending";"555.59";"179.35";"1192.0";"871.0";"=400/4a.9/L2.17";"=400/4a.9/L2.17";"";"99";"1";"= 447";"+ 400A";"";"roller conveyor
spare";"447M1"
"460";"122";"BreakPoint_H_1";"A";"pending";"90.71";"65.96";"1192.0";"871.0";"=400/3.3/1L1.21";"=400/3.3/1L1.21";"";"99";"1";"= 447";"+ 400A";"";"roller conveyor
spare";"447M1"
"461";"122";"BreakPoint_H_1";"A";"pending";"90.71";"77.3";"1192.0";"871.0";"=400/3.3/1L2.21";"=400/3.3/1L2.21";"";"99";"1";"= 447";"+ 400A";"";"roller conveyor
spare";"447M1"
"462";"122";"BreakPoint_H_1";"A";"pending";"90.71";"88.64";"1192.0";"871.0";"=400/3.3/1L3.21";"=400/3.3/1L3.21";"";"99";"1";"= 447";"+ 400A";"";"roller conveyor
spare";"447M1"
"463";"123";"BreakPoint_H_1";"A";"pending";"759.69";"77.3";"1192.0";"871.0";"=400/4b.9/L3.18+";"=400/4b.9/L3.18+";"";"100";"1";"= 448";"+ 400A";"";"roller conveyor
spare";"448M1"
"464";"123";"BreakPoint_H_1";"A";"pending";"737.01";"712.26";"1192.0";"871.0";"=400/4a.9/L2.0";"=400/4a.9/L2.0";"";"100";"1";"= 448";"+ 400A";"";"roller conveyor
spare";"448M1"
"465";"123";"BreakPoint_H_1";"A";"pending";"555.59";"202.02";"1192.0";"871.0";"=400/4a.9/L2.0";"=400/4a.9/L2.0";"";"100";"1";"= 448";"+ 400A";"";"roller conveyor
spare";"448M1"
"466";"123";"BreakPoint_H_1";"A";"pending";"555.59";"179.35";"1192.0";"871.0";"=400/4a.9/L2.17";"=400/4a.9/L2.17";"";"100";"1";"= 448";"+ 400A";"";"roller conveyor
spare";"448M1"
"467";"123";"BreakPoint_H_1";"A";"pending";"385.51";"202.02";"1192.0";"871.0";"=400/4.9/L1.0";"=400/4.9/L1.0";"";"100";"1";"= 448";"+ 400A";"";"roller conveyor
spare";"448M1"
"468";"123";"BreakPoint_H_1";"A";"pending";"385.51";"179.35";"1192.0";"871.0";"=400/4.9/L1.14";"=400/4.9/L1.14";"";"100";"1";"= 448";"+ 400A";"";"roller conveyor
spare";"448M1"
"469";"123";"BreakPoint_H_1";"A";"pending";"90.71";"65.96";"1192.0";"871.0";"=400/3.3/1L1.21";"=400/3.3/1L1.21";"";"100";"1";"= 448";"+ 400A";"";"roller conveyor
spare";"448M1"
"470";"123";"BreakPoint_H_1";"A";"pending";"90.71";"77.3";"1192.0";"871.0";"=400/3.3/1L2.21";"=400/3.3/1L2.21";"";"100";"1";"= 448";"+ 400A";"";"roller conveyor
spare";"448M1"
"471";"123";"BreakPoint_H_1";"A";"pending";"90.71";"88.64";"1192.0";"871.0";"=400/3.3/1L3.21";"=400/3.3/1L3.21";"";"100";"1";"= 448";"+ 400A";"";"roller conveyor
spare";"448M1"
"472";"126";"BreakPoint_H_1";"A";"pending";"737.01";"360.76";"1192.0";"871.0";"L2FV9";"L2FV9";"";"98";"21";"= 414";"+ 400H10";"forming machine C";"transport belt to matformer C";"414M01"
"473";"126";"BreakPoint_H_1";"A";"pending";"737.01";"689.58";"1192.0";"871.0";"0VDC";"0VDC";"";"98";"21";"= 414";"+ 400H10";"forming machine C";"transport belt to matformer C";"414M01"
"474";"126";"BreakPoint_H_1";"A";"pending";"997.8";"360.76";"1192.0";"871.0";"24V=";"24V=";"";"98";"21";"= 414";"+ 400H10";"forming machine C";"transport belt to matformer C";"414M01"
"475";"126";"BreakPoint_H_1";"A";"pending";"90.71";"65.96";"1192.0";"871.0";"4.9/11.1L1";"4.9/11.1L1";"";"98";"21";"= 414";"+ 400H10";"forming machine C";"transport belt to matformer C";"414M01"
"476";"126";"BreakPoint_H_1";"A";"pending";"90.71";"77.3";"1192.0";"871.0";"4.9/11.1L2";"4.9/11.1L2";"";"98";"21";"= 414";"+ 400H10";"forming machine C";"transport belt to matformer C";"414M01"
"477";"126";"BreakPoint_H_1";"A";"pending";"90.71";"88.64";"1192.0";"871.0";"4.9/11.1L3";"4.9/11.1L3";"";"98";"21";"= 414";"+ 400H10";"forming machine C";"transport belt to matformer C";"414M01"
"478";"127";"BreakPoint_H_1";"A";"pending";"90.71";"65.96";"1192.0";"871.0";"4.9/11.1L1";"4.9/11.1L1";"";"99";"21";"= 414";"+ 400H10";"forming machine C";"transport belt ??";"414M02"
"479";"127";"BreakPoint_H_1";"A";"pending";"90.71";"77.3";"1192.0";"871.0";"4.9/11.1L2";"4.9/11.1L2";"";"99";"21";"= 414";"+ 400H10";"forming machine C";"transport belt ??";"414M02"
"480";"127";"BreakPoint_H_1";"A";"pending";"90.71";"88.64";"1192.0";"871.0";"4.9/11.1L3";"4.9/11.1L3";"";"99";"21";"= 414";"+ 400H10";"forming machine C";"transport belt ??";"414M02"
"481";"128";"BreakPoint_H_1";"A";"pending";"90.71";"65.96";"1192.0";"871.0";"4.9/11.1L1";"4.9/11.1L1";"";"100";"21";"= 414";"+ 400H10";"forming machine C";"pinned roll";"414M3"
"482";"128";"BreakPoint_H_1";"A";"pending";"90.71";"77.3";"1192.0";"871.0";"4.9/11.1L2";"4.9/11.1L2";"";"100";"21";"= 414";"+ 400H10";"forming machine C";"pinned roll";"414M3"
"483";"128";"BreakPoint_H_1";"A";"pending";"90.71";"88.64";"1192.0";"871.0";"4.9/11.1L3";"4.9/11.1L3";"";"100";"21";"= 414";"+ 400H10";"forming machine C";"pinned roll";"414M3"
"484";"130";"BreakPoint_H_1";"A";"pending";"90.71";"65.96";"1192.0";"871.0";"4.9/11.1L1";"4.9/11.1L1";"";"103";"21";"= 414";"+ 400H10";"forming machine C";"cage type roller conveyor";"414M5, 414M6"
"485";"130";"BreakPoint_H_1";"A";"pending";"90.71";"77.3";"1192.0";"871.0";"4.9/11.1L2";"4.9/11.1L2";"";"103";"21";"= 414";"+ 400H10";"forming machine C";"cage type roller conveyor";"414M5, 414M6"
"486";"130";"BreakPoint_H_1";"A";"pending";"90.71";"88.64";"1192.0";"871.0";"4.9/11.1L3";"4.9/11.1L3";"";"103";"21";"= 414";"+ 400H10";"forming machine C";"cage type roller conveyor";"414M5, 414M6"
"487";"132";"BreakPoint_H_1";"A";"pending";"90.71";"65.96";"1192.0";"871.0";"4.9/11.1L1";"4.9/11.1L1";"";"106";"21";"= 414";"+ 400H10";"forming machine C";"cage type roller conveyor";"414M7, 414M8"
"488";"132";"BreakPoint_H_1";"A";"pending";"90.71";"77.3";"1192.0";"871.0";"4.9/11.1L2";"4.9/11.1L2";"";"106";"21";"= 414";"+ 400H10";"forming machine C";"cage type roller conveyor";"414M7, 414M8"
"489";"132";"BreakPoint_H_1";"A";"pending";"90.71";"88.64";"1192.0";"871.0";"4.9/11.1L3";"4.9/11.1L3";"";"106";"21";"= 414";"+ 400H10";"forming machine C";"cage type roller conveyor";"414M7, 414M8"
"490";"134";"BreakPoint_H_1";"A";"pending";"90.71";"65.96";"1192.0";"871.0";"4.9/11.1L1";"4.9/11.1L1";"";"109";"21";"= 414";"+ 400H10";"forming machine C";"dosing belt cleaning brush";"414M10"
"491";"134";"BreakPoint_H_1";"A";"pending";"90.71";"77.3";"1192.0";"871.0";"4.9/11.1L2";"4.9/11.1L2";"";"109";"21";"= 414";"+ 400H10";"forming machine C";"dosing belt cleaning brush";"414M10"
"492";"134";"BreakPoint_H_1";"A";"pending";"90.71";"88.64";"1192.0";"871.0";"4.9/11.1L3";"4.9/11.1L3";"";"109";"21";"= 414";"+ 400H10";"forming machine C";"dosing belt cleaning brush";"414M10"
"493";"135";"BreakPoint_H_1";"A";"pending";"90.71";"65.96";"1192.0";"871.0";"4.9/11.1L1";"4.9/11.1L1";"";"110";"21";"= 414";"+ 400H10";"forming machine C";"rotary combs";"414M11"
"494";"135";"BreakPoint_H_1";"A";"pending";"90.71";"77.3";"1192.0";"871.0";"4.9/11.1L2";"4.9/11.1L2";"";"110";"21";"= 414";"+ 400H10";"forming machine C";"rotary combs";"414M11"
"495";"135";"BreakPoint_H_1";"A";"pending";"90.71";"88.64";"1192.0";"871.0";"4.9/11.1L3";"4.9/11.1L3";"";"110";"21";"= 414";"+ 400H10";"forming machine C";"rotary combs";"414M11"
"496";"136";"BreakPoint_H_1";"A";"pending";"90.71";"65.96";"1192.0";"871.0";"4.9/11.1L1";"4.9/11.1L1";"";"111";"21";"= 414";"+ 400H10";"forming machine C";"pinned roll";"414M13"
"497";"136";"BreakPoint_H_1";"A";"pending";"90.71";"77.3";"1192.0";"871.0";"4.9/11.1L2";"4.9/11.1L2";"";"111";"21";"= 414";"+ 400H10";"forming machine C";"pinned roll";"414M13"
"498";"136";"BreakPoint_H_1";"A";"pending";"90.71";"88.64";"1192.0";"871.0";"4.9/11.1L3";"4.9/11.1L3";"";"111";"21";"= 414";"+ 400H10";"forming machine C";"pinned roll";"414M13"
"499";"137";"BreakPoint_H_1";"A";"pending";"90.71";"65.96";"1192.0";"871.0";"4.9/11.1L1";"4.9/11.1L1";"";"112";"21";"= 414";"+ 400H10";"forming machine C";"distribution belt left";"414M15"
"500";"137";"BreakPoint_H_1";"A";"pending";"90.71";"77.3";"1192.0";"871.0";"4.9/11.1L2";"4.9/11.1L2";"";"112";"21";"= 414";"+ 400H10";"forming machine C";"distribution belt left";"414M15"
"501";"137";"BreakPoint_H_1";"A";"pending";"90.71";"88.64";"1192.0";"871.0";"4.9/11.1L3";"4.9/11.1L3";"";"112";"21";"= 414";"+ 400H10";"forming machine C";"distribution belt left";"414M15"
"502";"138";"BreakPoint_H_1";"A";"pending";"90.71";"65.96";"1192.0";"871.0";"4.9/11.1L1";"4.9/11.1L1";"";"113";"21";"= 414";"+ 400H10";"forming machine C";"distribution belt right";"414M16"
"503";"138";"BreakPoint_H_1";"A";"pending";"90.71";"77.3";"1192.0";"871.0";"4.9/11.1L2";"4.9/11.1L2";"";"113";"21";"= 414";"+ 400H10";"forming machine C";"distribution belt right";"414M16"
"504";"138";"BreakPoint_H_1";"A";"pending";"90.71";"88.64";"1192.0";"871.0";"4.9/11.1L3";"4.9/11.1L3";"";"113";"21";"= 414";"+ 400H10";"forming machine C";"distribution belt right";"414M16"
"505";"139";"BreakPoint_H_1";"A";"pending";"90.71";"65.96";"1192.0";"871.0";"4.9/11.1L1";"4.9/11.1L1";"";"114";"21";"= 414";"+ 400H10";"forming machine C";"transverse belt";"414M17"
"506";"139";"BreakPoint_H_1";"A";"pending";"90.71";"77.3";"1192.0";"871.0";"4.9/11.1L2";"4.9/11.1L2";"";"114";"21";"= 414";"+ 400H10";"forming machine C";"transverse belt";"414M17"
"507";"139";"BreakPoint_H_1";"A";"pending";"90.71";"88.64";"1192.0";"871.0";"4.9/11.1L3";"4.9/11.1L3";"";"114";"21";"= 414";"+ 400H10";"forming machine C";"transverse belt";"414M17"
"508";"141";"BreakPoint_H_1";"A";"pending";"90.71";"65.96";"1192.0";"871.0";"4.9/11.1L1";"4.9/11.1L1";"";"116";"21";"= 414";"+ 400H10";"forming machine C";"fast disks rolls";"414M20"
"509";"141";"BreakPoint_H_1";"A";"pending";"90.71";"77.3";"1192.0";"871.0";"4.9/11.1L2";"4.9/11.1L2";"";"116";"21";"= 414";"+ 400H10";"forming machine C";"fast disks rolls";"414M20"
"510";"141";"BreakPoint_H_1";"A";"pending";"90.71";"88.64";"1192.0";"871.0";"4.9/11.1L3";"4.9/11.1L3";"";"116";"21";"= 414";"+ 400H10";"forming machine C";"fast disks rolls";"414M20"
"511";"142";"BreakPoint_H_1";"A";"pending";"90.71";"65.96";"1192.0";"871.0";"4.9/11.1L1";"4.9/11.1L1";"";"117";"21";"= 414";"+ 400H10";"forming machine C";"slow disks rolls";"414M21"
"512";"142";"BreakPoint_H_1";"A";"pending";"90.71";"77.3";"1192.0";"871.0";"4.9/11.1L2";"4.9/11.1L2";"";"117";"21";"= 414";"+ 400H10";"forming machine C";"slow disks rolls";"414M21"
"513";"142";"BreakPoint_H_1";"A";"pending";"90.71";"88.64";"1192.0";"871.0";"4.9/11.1L3";"4.9/11.1L3";"";"117";"21";"= 414";"+ 400H10";"forming machine C";"slow disks rolls";"414M21"
"514";"143";"BreakPoint_H_1";"A";"pending";"90.71";"65.96";"1192.0";"871.0";"4.9/11.1L1";"4.9/11.1L1";"";"118";"21";"= 414";"+ 400H10";"forming machine C";"transport belt";"422M11"
"515";"143";"BreakPoint_H_1";"A";"pending";"90.71";"77.3";"1192.0";"871.0";"4.9/11.1L2";"4.9/11.1L2";"";"118";"21";"= 414";"+ 400H10";"forming machine C";"transport belt";"422M11"
"516";"143";"BreakPoint_H_1";"A";"pending";"90.71";"88.64";"1192.0";"871.0";"4.9/11.1L3";"4.9/11.1L3";"";"118";"21";"= 414";"+ 400H10";"forming machine C";"transport belt";"422M11"
"517";"144";"BreakPoint_H_1";"A";"pending";"90.71";"65.96";"1192.0";"871.0";"4.9/11.1L1";"4.9/11.1L1";"";"119";"21";"= 414";"+ 400H10";"forming machine C";"transport belt cleaning brush";"414M26"
"518";"144";"BreakPoint_H_1";"A";"pending";"90.71";"77.3";"1192.0";"871.0";"4.9/11.1L2";"4.9/11.1L2";"";"119";"21";"= 414";"+ 400H10";"forming machine C";"transport belt cleaning brush";"414M26"
"519";"144";"BreakPoint_H_1";"A";"pending";"90.71";"88.64";"1192.0";"871.0";"4.9/11.1L3";"4.9/11.1L3";"";"119";"21";"= 414";"+ 400H10";"forming machine C";"transport belt cleaning brush";"414M26"
