"ID";"PagePDF";"Template_Name";"Variant";"Status";"Pos_X";"Pos_Y";"Page_W";"Page_H";"Name";"pg_S1_Page";"pg_S1_Sheets";"pg_S1_=";"pg_S1_+";"pg_S1_txt_1";"pg_S1_txt_2";"pg_S1_txt_3"
"1";"3";"BusBar_Con_Down";"A";"approved";"204.09";"590.37";"1192.0";"871.0";"PEN";"0";"8";"= 400";"+ TRAFO";"";"magnet control";""
"2";"4";"BusBar_Con_Down";"A";"approved";"929.76";"352.26";"1192.0";"871.0";"PE";"1";"8";"= 400";"+ 400A";"";"infeed group 400A";""
"3";"4";"BusBar_Con_Down";"A";"approved";"181.42";"91.47";"1192.0";"871.0";"1L3";"1";"8";"= 400";"+ 400A";"";"infeed group 400A";""
"4";"4";"BusBar_Con_Down";"A";"approved";"158.74";"80.13";"1192.0";"871.0";"1L2";"1";"8";"= 400";"+ 400A";"";"infeed group 400A";""
"5";"4";"BusBar_Con_Down";"A";"approved";"136.06";"68.8";"1192.0";"871.0";"1L1";"1";"8";"= 400";"+ 400A";"";"infeed group 400A";""
"6";"4";"BusBar_Con_Down";"A";"approved";"351.5";"408.95";"1192.0";"871.0";"-PE";"1";"8";"= 400";"+ 400A";"";"infeed group 400A";""
"7";"4";"BusBar_Con_Down";"A";"approved";"204.09";"624.39";"1192.0";"871.0";"PEN";"1";"8";"= 400";"+ 400A";"";"infeed group 400A";""
"8";"4";"BusBar_Con_Down";"A";"approved";"1111.18";"511.0";"1192.0";"871.0";"PE";"1";"8";"= 400";"+ 400A";"";"infeed group 400A";""
"9";"6";"BusBar_Con_Down";"A";"approved";"170.08";"80.13";"1192.0";"871.0";"1L2";"2";"8";"= 400";"+ 400A";"";"infeed group 400A";""
"10";"6";"BusBar_Con_Down";"A";"approved";"147.4";"68.8";"1192.0";"871.0";"Hz1L1";"2";"8";"= 400";"+ 400A";"";"infeed group 400A";""
"11";"6";"BusBar_Con_Down";"A";"approved";"192.76";"91.47";"1192.0";"871.0";"1L3";"2";"8";"= 400";"+ 400A";"";"infeed group 400A";""
"12";"6";"BusBar_Con_Down";"A";"approved";"294.8";"80.13";"1192.0";"871.0";"1L2";"2";"8";"= 400";"+ 400A";"";"infeed group 400A";""
"13";"6";"BusBar_Con_Down";"A";"approved";"272.13";"68.8";"1192.0";"871.0";"1L1";"2";"8";"= 400";"+ 400A";"";"infeed group 400A";""
"14";"6";"BusBar_Con_Down";"A";"approved";"317.48";"91.47";"1192.0";"871.0";"1L3";"2";"8";"= 400";"+ 400A";"";"infeed group 400A";""
"15";"6";"BusBar_Con_Down";"A";"approved";"419.53";"80.13";"1192.0";"871.0";"1L2";"2";"8";"= 400";"+ 400A";"";"infeed group 400A";""
"16";"6";"BusBar_Con_Down";"A";"approved";"396.85";"68.8";"1192.0";"871.0";"1L1";"2";"8";"= 400";"+ 400A";"";"infeed group 400A";""
"17";"6";"BusBar_Con_Down";"A";"approved";"442.2";"91.47";"1192.0";"871.0";"1L3";"2";"8";"= 400";"+ 400A";"";"infeed group 400A";""
"18";"6";"BusBar_Con_Down";"A";"approved";"544.25";"80.13";"1192.0";"871.0";"1L2";"2";"8";"= 400";"+ 400A";"";"infeed group 400A";""
"19";"6";"BusBar_Con_Down";"A";"approved";"521.57";"68.8";"1192.0";"871.0";"1L1";"2";"8";"= 400";"+ 400A";"";"infeed group 400A";""
"20";"6";"BusBar_Con_Down";"A";"approved";"566.93";"91.47";"1192.0";"871.0";"1L3";"2";"8";"= 400";"+ 400A";"";"infeed group 400A";""
"21";"6";"BusBar_Con_Down";"A";"approved";"668.98";"80.13";"1192.0";"871.0";"1L2";"2";"8";"= 400";"+ 400A";"";"infeed group 400A";""
"22";"6";"BusBar_Con_Down";"A";"approved";"646.3";"68.8";"1192.0";"871.0";"1L1";"2";"8";"= 400";"+ 400A";"";"infeed group 400A";""
"23";"6";"BusBar_Con_Down";"A";"approved";"691.65";"91.47";"1192.0";"871.0";"1L3";"2";"8";"= 400";"+ 400A";"";"infeed group 400A";""
"24";"6";"BusBar_Con_Down";"A";"approved";"793.7";"80.13";"1192.0";"871.0";"1L2";"2";"8";"= 400";"+ 400A";"";"infeed group 400A";""
"25";"6";"BusBar_Con_Down";"A";"approved";"771.02";"68.8";"1192.0";"871.0";"1L1";"2";"8";"= 400";"+ 400A";"";"infeed group 400A";""
"26";"6";"BusBar_Con_Down";"A";"approved";"816.38";"91.47";"1192.0";"871.0";"1L3";"2";"8";"= 400";"+ 400A";"";"infeed group 400A";""
"27";"6";"BusBar_Con_Down";"A";"approved";"918.43";"80.13";"1192.0";"871.0";"1L2";"2";"8";"= 400";"+ 400A";"";"infeed group 400A";""
"28";"6";"BusBar_Con_Down";"A";"approved";"895.75";"68.8";"1192.0";"871.0";"1L1";"2";"8";"= 400";"+ 400A";"";"infeed group 400A";""
"29";"6";"BusBar_Con_Down";"A";"approved";"941.1";"91.47";"1192.0";"871.0";"1L3";"2";"8";"= 400";"+ 400A";"";"infeed group 400A";""
"30";"6";"BusBar_Con_Down";"A";"approved";"1043.15";"80.13";"1192.0";"871.0";"1L2";"2";"8";"= 400";"+ 400A";"";"infeed group 400A";""
"31";"6";"BusBar_Con_Down";"A";"approved";"1020.47";"68.8";"1192.0";"871.0";"1L1";"2";"8";"= 400";"+ 400A";"";"infeed group 400A";""
"32";"6";"BusBar_Con_Down";"A";"approved";"1065.83";"91.47";"1192.0";"871.0";"1L3";"2";"8";"= 400";"+ 400A";"";"infeed group 400A";""
"33";"7";"BusBar_Con_Down";"A";"approved";"170.08";"80.13";"1192.0";"871.0";"1L2";"3";"8";"= 400";"+ 400A";"";"infeed group 400A";""
"34";"7";"BusBar_Con_Down";"A";"approved";"147.4";"68.8";"1192.0";"871.0";"Hz1L1";"3";"8";"= 400";"+ 400A";"";"infeed group 400A";""
"35";"7";"BusBar_Con_Down";"A";"approved";"192.76";"91.47";"1192.0";"871.0";"1L3";"3";"8";"= 400";"+ 400A";"";"infeed group 400A";""
"36";"7";"BusBar_Con_Down";"A";"approved";"294.8";"80.13";"1192.0";"871.0";"1L2";"3";"8";"= 400";"+ 400A";"";"infeed group 400A";""
"37";"7";"BusBar_Con_Down";"A";"approved";"272.13";"68.8";"1192.0";"871.0";"1L1";"3";"8";"= 400";"+ 400A";"";"infeed group 400A";""
"38";"7";"BusBar_Con_Down";"A";"approved";"317.48";"91.47";"1192.0";"871.0";"1L3";"3";"8";"= 400";"+ 400A";"";"infeed group 400A";""
"39";"7";"BusBar_Con_Down";"A";"approved";"419.53";"80.13";"1192.0";"871.0";"1L2";"3";"8";"= 400";"+ 400A";"";"infeed group 400A";""
"40";"7";"BusBar_Con_Down";"A";"approved";"396.85";"68.8";"1192.0";"871.0";"1L1";"3";"8";"= 400";"+ 400A";"";"infeed group 400A";""
"41";"7";"BusBar_Con_Down";"A";"approved";"442.2";"91.47";"1192.0";"871.0";"1L3";"3";"8";"= 400";"+ 400A";"";"infeed group 400A";""
"42";"7";"BusBar_Con_Down";"A";"approved";"544.25";"80.13";"1192.0";"871.0";"1L2";"3";"8";"= 400";"+ 400A";"";"infeed group 400A";""
"43";"7";"BusBar_Con_Down";"A";"approved";"521.57";"68.8";"1192.0";"871.0";"1L1";"3";"8";"= 400";"+ 400A";"";"infeed group 400A";""
"44";"7";"BusBar_Con_Down";"A";"approved";"566.93";"91.47";"1192.0";"871.0";"1L3";"3";"8";"= 400";"+ 400A";"";"infeed group 400A";""
"45";"7";"BusBar_Con_Down";"A";"approved";"668.98";"80.13";"1192.0";"871.0";"1L2";"3";"8";"= 400";"+ 400A";"";"infeed group 400A";""
"46";"7";"BusBar_Con_Down";"A";"approved";"646.3";"68.8";"1192.0";"871.0";"1L1";"3";"8";"= 400";"+ 400A";"";"infeed group 400A";""
"47";"7";"BusBar_Con_Down";"A";"approved";"691.65";"91.47";"1192.0";"871.0";"1L3";"3";"8";"= 400";"+ 400A";"";"infeed group 400A";""
"48";"7";"BusBar_Con_Down";"A";"approved";"793.7";"80.13";"1192.0";"871.0";"1L2";"3";"8";"= 400";"+ 400A";"";"infeed group 400A";""
"49";"7";"BusBar_Con_Down";"A";"approved";"771.02";"68.8";"1192.0";"871.0";"1L1";"3";"8";"= 400";"+ 400A";"";"infeed group 400A";""
"50";"7";"BusBar_Con_Down";"A";"approved";"816.38";"91.47";"1192.0";"871.0";"1L3";"3";"8";"= 400";"+ 400A";"";"infeed group 400A";""
"51";"7";"BusBar_Con_Down";"A";"approved";"1031.81";"80.13";"1192.0";"871.0";"1L2";"3";"8";"= 400";"+ 400A";"";"infeed group 400A";""
"52";"7";"BusBar_Con_Down";"A";"approved";"1009.13";"68.8";"1192.0";"871.0";"1L1";"3";"8";"= 400";"+ 400A";"";"infeed group 400A";""
"53";"7";"BusBar_Con_Down";"A";"approved";"1054.49";"91.47";"1192.0";"871.0";"1L3";"3";"8";"= 400";"+ 400A";"";"infeed group 400A";""
"54";"7";"BusBar_Con_Down";"A";"approved";"918.43";"80.13";"1192.0";"871.0";"1L2";"3";"8";"= 400";"+ 400A";"";"infeed group 400A";""
"55";"7";"BusBar_Con_Down";"A";"approved";"895.75";"68.8";"1192.0";"871.0";"1L1";"3";"8";"= 400";"+ 400A";"";"infeed group 400A";""
"56";"7";"BusBar_Con_Down";"A";"approved";"941.1";"91.47";"1192.0";"871.0";"1L3";"3";"8";"= 400";"+ 400A";"";"infeed group 400A";""
"57";"8";"BusBar_Con_Down";"A";"approved";"544.25";"511.0";"1192.0";"871.0";"PE";"4";"8";"= 400";"+ 400A";"";"control voltage 220V~ brakes";""
"58";"9";"BusBar_Con_Down";"A";"approved";"680.32";"522.34";"1192.0";"871.0";"PE";"4a";"8";"= 400";"+ 400A";"";"infeed group 400A";""
"59";"11";"BusBar_Con_Down";"A";"approved";"170.08";"68.8";"1192.0";"871.0";"1L1.12";"5";"23";"= 411";"+ 400A";"forming machine A";"left fan";"411M0"
"60";"11";"BusBar_Con_Down";"A";"approved";"192.76";"80.13";"1192.0";"871.0";"1L2.12";"5";"23";"= 411";"+ 400A";"forming machine A";"left fan";"411M0"
"61";"11";"BusBar_Con_Down";"A";"approved";"215.43";"91.47";"1192.0";"871.0";"1L3.12";"5";"23";"= 411";"+ 400A";"forming machine A";"left fan";"411M0"
"62";"11";"BusBar_Con_Down";"A";"approved";"238.11";"488.32";"1192.0";"871.0";"PE";"5";"23";"= 411";"+ 400A";"forming machine A";"left fan";"411M0"
"63";"12";"BusBar_Con_Down";"A";"approved";"170.08";"68.8";"1192.0";"871.0";"1L1.12";"6";"23";"= 411";"+ 400A";"forming machine A";"right fan";"411M1"
"64";"12";"BusBar_Con_Down";"A";"approved";"192.76";"80.13";"1192.0";"871.0";"1L2.12";"6";"23";"= 411";"+ 400A";"forming machine A";"right fan";"411M1"
"65";"12";"BusBar_Con_Down";"A";"approved";"215.43";"91.47";"1192.0";"871.0";"1L3.12";"6";"23";"= 411";"+ 400A";"forming machine A";"right fan";"411M1"
"66";"12";"BusBar_Con_Down";"A";"approved";"238.11";"488.32";"1192.0";"871.0";"PE";"6";"23";"= 411";"+ 400A";"forming machine A";"right fan";"411M1"
"67";"13";"BusBar_Con_Down";"A";"approved";"170.08";"68.8";"1192.0";"871.0";"1L1.12";"7";"23";"= 411";"+ 400A";"forming machine A";"dosing belt cleaning brush";"411M10"
"68";"13";"BusBar_Con_Down";"A";"approved";"192.76";"80.13";"1192.0";"871.0";"1L2.12";"7";"23";"= 411";"+ 400A";"forming machine A";"dosing belt cleaning brush";"411M10"
"69";"13";"BusBar_Con_Down";"A";"approved";"215.43";"91.47";"1192.0";"871.0";"1L3.12";"7";"23";"= 411";"+ 400A";"forming machine A";"dosing belt cleaning brush";"411M10"
"70";"13";"BusBar_Con_Down";"A";"approved";"238.11";"488.32";"1192.0";"871.0";"PE";"7";"23";"= 411";"+ 400A";"forming machine A";"dosing belt cleaning brush";"411M10"
"71";"14";"BusBar_Con_Down";"A";"approved";"170.08";"68.8";"1192.0";"871.0";"1L1.12";"8";"23";"= 411";"+ 400A";"forming machine A";"rotary combs";"411M11"
"72";"14";"BusBar_Con_Down";"A";"approved";"192.76";"80.13";"1192.0";"871.0";"1L2.12";"8";"23";"= 411";"+ 400A";"forming machine A";"rotary combs";"411M11"
"73";"14";"BusBar_Con_Down";"A";"approved";"215.43";"91.47";"1192.0";"871.0";"1L3.12";"8";"23";"= 411";"+ 400A";"forming machine A";"rotary combs";"411M11"
"74";"14";"BusBar_Con_Down";"A";"approved";"238.11";"488.32";"1192.0";"871.0";"PE";"8";"23";"= 411";"+ 400A";"forming machine A";"rotary combs";"411M11"
"75";"15";"BusBar_Con_Down";"A";"approved";"170.08";"68.8";"1192.0";"871.0";"1L1.13";"9";"23";"= 411";"+ 400A";"forming machine A";"pinned roll";"411M13"
"76";"15";"BusBar_Con_Down";"A";"approved";"192.76";"80.13";"1192.0";"871.0";"1L2.13";"9";"23";"= 411";"+ 400A";"forming machine A";"pinned roll";"411M13"
"77";"15";"BusBar_Con_Down";"A";"approved";"215.43";"91.47";"1192.0";"871.0";"1L3.13";"9";"23";"= 411";"+ 400A";"forming machine A";"pinned roll";"411M13"
"78";"15";"BusBar_Con_Down";"A";"approved";"238.11";"488.32";"1192.0";"871.0";"PE";"9";"23";"= 411";"+ 400A";"forming machine A";"pinned roll";"411M13"
"79";"16";"BusBar_Con_Down";"A";"approved";"170.08";"68.8";"1192.0";"871.0";"1L1.13";"10";"23";"= 411";"+ 400A";"forming machine A";"oscillating flap";"411M14"
"80";"16";"BusBar_Con_Down";"A";"approved";"192.76";"80.13";"1192.0";"871.0";"1L2.13";"10";"23";"= 411";"+ 400A";"forming machine A";"oscillating flap";"411M14"
"81";"16";"BusBar_Con_Down";"A";"approved";"215.43";"91.47";"1192.0";"871.0";"1L3.13";"10";"23";"= 411";"+ 400A";"forming machine A";"oscillating flap";"411M14"
"82";"16";"BusBar_Con_Down";"A";"approved";"238.11";"488.32";"1192.0";"871.0";"PE";"10";"23";"= 411";"+ 400A";"forming machine A";"oscillating flap";"411M14"
"83";"17";"BusBar_Con_Down";"A";"approved";"170.08";"68.8";"1192.0";"871.0";"1L1.13";"11";"23";"= 411";"+ 400A";"forming machine A";"distrbution belt left";"411M15"
"84";"17";"BusBar_Con_Down";"A";"approved";"192.76";"80.13";"1192.0";"871.0";"1L2.13";"11";"23";"= 411";"+ 400A";"forming machine A";"distrbution belt left";"411M15"
"85";"17";"BusBar_Con_Down";"A";"approved";"215.43";"91.47";"1192.0";"871.0";"1L3.13";"11";"23";"= 411";"+ 400A";"forming machine A";"distrbution belt left";"411M15"
"86";"17";"BusBar_Con_Down";"A";"approved";"238.11";"488.32";"1192.0";"871.0";"PE";"11";"23";"= 411";"+ 400A";"forming machine A";"distrbution belt left";"411M15"
"87";"18";"BusBar_Con_Down";"A";"approved";"170.08";"68.8";"1192.0";"871.0";"1L1.13";"12";"23";"= 411";"+ 400A";"forming machine A";"distrbution belt right";"411M16"
"88";"18";"BusBar_Con_Down";"A";"approved";"192.76";"80.13";"1192.0";"871.0";"1L2.13";"12";"23";"= 411";"+ 400A";"forming machine A";"distrbution belt right";"411M16"
"89";"18";"BusBar_Con_Down";"A";"approved";"215.43";"91.47";"1192.0";"871.0";"1L3.13";"12";"23";"= 411";"+ 400A";"forming machine A";"distrbution belt right";"411M16"
"90";"18";"BusBar_Con_Down";"A";"approved";"238.11";"488.32";"1192.0";"871.0";"PE";"12";"23";"= 411";"+ 400A";"forming machine A";"distrbution belt right";"411M16"
"91";"19";"BusBar_Con_Down";"A";"approved";"170.08";"68.8";"1192.0";"871.0";"1L1.13";"13";"23";"= 411";"+ 400A";"forming machine A";"transverse belt";"411M17"
"92";"19";"BusBar_Con_Down";"A";"approved";"192.76";"80.13";"1192.0";"871.0";"1L2.13";"13";"23";"= 411";"+ 400A";"forming machine A";"transverse belt";"411M17"
"93";"19";"BusBar_Con_Down";"A";"approved";"215.43";"91.47";"1192.0";"871.0";"1L3.13";"13";"23";"= 411";"+ 400A";"forming machine A";"transverse belt";"411M17"
"94";"19";"BusBar_Con_Down";"A";"approved";"272.13";"522.34";"1192.0";"871.0";"PE";"13";"23";"= 411";"+ 400A";"forming machine A";"transverse belt";"411M17"
"95";"19";"BusBar_Con_Down";"A";"approved";"589.61";"522.34";"1192.0";"871.0";"PE";"13";"23";"= 411";"+ 400A";"forming machine A";"transverse belt";"411M17"
"96";"21";"BusBar_Con_Down";"A";"approved";"170.08";"68.8";"1192.0";"871.0";"1L1.13";"14";"23";"= 411";"+ 400A";"forming machine A";"2nd & 3rd screen vibrator";"411M18, 411M19"
"97";"21";"BusBar_Con_Down";"A";"approved";"192.76";"80.13";"1192.0";"871.0";"1L2.13";"14";"23";"= 411";"+ 400A";"forming machine A";"2nd & 3rd screen vibrator";"411M18, 411M19"
"98";"21";"BusBar_Con_Down";"A";"approved";"215.43";"91.47";"1192.0";"871.0";"1L3.13";"14";"23";"= 411";"+ 400A";"forming machine A";"2nd & 3rd screen vibrator";"411M18, 411M19"
"99";"21";"BusBar_Con_Down";"A";"approved";"385.51";"68.8";"1192.0";"871.0";"1L1.13";"14";"23";"= 411";"+ 400A";"forming machine A";"2nd & 3rd screen vibrator";"411M18, 411M19"
"100";"21";"BusBar_Con_Down";"A";"approved";"408.19";"80.13";"1192.0";"871.0";"1L2.13";"14";"23";"= 411";"+ 400A";"forming machine A";"2nd & 3rd screen vibrator";"411M18, 411M19"
"101";"21";"BusBar_Con_Down";"A";"approved";"430.87";"91.47";"1192.0";"871.0";"1L3.13";"14";"23";"= 411";"+ 400A";"forming machine A";"2nd & 3rd screen vibrator";"411M18, 411M19"
"102";"21";"BusBar_Con_Down";"A";"approved";"238.11";"488.32";"1192.0";"871.0";"PE";"14";"23";"= 411";"+ 400A";"forming machine A";"2nd & 3rd screen vibrator";"411M18, 411M19"
"103";"21";"BusBar_Con_Down";"A";"approved";"453.54";"488.32";"1192.0";"871.0";"PE";"14";"23";"= 411";"+ 400A";"forming machine A";"2nd & 3rd screen vibrator";"411M18, 411M19"
"104";"22";"BusBar_Con_Down";"A";"approved";"170.08";"68.8";"1192.0";"871.0";"1L1.13";"15";"23";"= 411";"+ 400A";"forming machine A";"pinned roll";"411M20"
"105";"22";"BusBar_Con_Down";"A";"approved";"192.76";"80.13";"1192.0";"871.0";"1L2.13";"15";"23";"= 411";"+ 400A";"forming machine A";"pinned roll";"411M20"
"106";"22";"BusBar_Con_Down";"A";"approved";"215.43";"91.47";"1192.0";"871.0";"1L3.13";"15";"23";"= 411";"+ 400A";"forming machine A";"pinned roll";"411M20"
"107";"22";"BusBar_Con_Down";"A";"approved";"238.11";"488.32";"1192.0";"871.0";"PE";"15";"23";"= 411";"+ 400A";"forming machine A";"pinned roll";"411M20"
"108";"23";"BusBar_Con_Down";"A";"approved";"170.08";"68.8";"1192.0";"871.0";"1L1.13";"16";"23";"= 411";"+ 400A";"forming machine A";"slow disk rolls";"411M21"
"109";"23";"BusBar_Con_Down";"A";"approved";"192.76";"80.13";"1192.0";"871.0";"1L2.13";"16";"23";"= 411";"+ 400A";"forming machine A";"slow disk rolls";"411M21"
"110";"23";"BusBar_Con_Down";"A";"approved";"215.43";"91.47";"1192.0";"871.0";"1L3.13";"16";"23";"= 411";"+ 400A";"forming machine A";"slow disk rolls";"411M21"
"111";"23";"BusBar_Con_Down";"A";"approved";"238.11";"488.32";"1192.0";"871.0";"PE";"16";"23";"= 411";"+ 400A";"forming machine A";"slow disk rolls";"411M21"
"112";"24";"BusBar_Con_Down";"A";"pending";"170.08";"68.8";"1192.0";"871.0";"1L1.13";"17";"23";"= 411";"+ 400A";"forming machine A";"disk screen transport belt";"411M22"
"113";"24";"BusBar_Con_Down";"A";"pending";"192.76";"80.13";"1192.0";"871.0";"1L2.13";"17";"23";"= 411";"+ 400A";"forming machine A";"disk screen transport belt";"411M22"
"114";"24";"BusBar_Con_Down";"A";"pending";"215.43";"91.47";"1192.0";"871.0";"1L3.13";"17";"23";"= 411";"+ 400A";"forming machine A";"disk screen transport belt";"411M22"
"115";"24";"BusBar_Con_Down";"A";"pending";"238.11";"488.32";"1192.0";"871.0";"PE";"17";"23";"= 411";"+ 400A";"forming machine A";"disk screen transport belt";"411M22"
"116";"25";"BusBar_Con_Down";"A";"pending";"170.08";"68.8";"1192.0";"871.0";"1L1.13";"18";"23";"= 411";"+ 400A";"forming machine A";"left longitudinal screw conveyor";"411M23"
"117";"25";"BusBar_Con_Down";"A";"pending";"192.76";"80.13";"1192.0";"871.0";"1L2.13";"18";"23";"= 411";"+ 400A";"forming machine A";"left longitudinal screw conveyor";"411M23"
"118";"25";"BusBar_Con_Down";"A";"pending";"215.43";"91.47";"1192.0";"871.0";"1L3.13";"18";"23";"= 411";"+ 400A";"forming machine A";"left longitudinal screw conveyor";"411M23"
"119";"25";"BusBar_Con_Down";"A";"pending";"238.11";"488.32";"1192.0";"871.0";"PE";"18";"23";"= 411";"+ 400A";"forming machine A";"left longitudinal screw conveyor";"411M23"
"120";"26";"BusBar_Con_Down";"A";"pending";"170.08";"68.8";"1192.0";"871.0";"1L1.13";"19";"23";"= 411";"+ 400A";"forming machine A";"right longitudinal screw conveyor";"411M24"
"121";"26";"BusBar_Con_Down";"A";"pending";"192.76";"80.13";"1192.0";"871.0";"1L2.13";"19";"23";"= 411";"+ 400A";"forming machine A";"right longitudinal screw conveyor";"411M24"
"122";"26";"BusBar_Con_Down";"A";"pending";"215.43";"91.47";"1192.0";"871.0";"1L3.13";"19";"23";"= 411";"+ 400A";"forming machine A";"right longitudinal screw conveyor";"411M24"
"123";"26";"BusBar_Con_Down";"A";"pending";"238.11";"488.32";"1192.0";"871.0";"PE";"19";"23";"= 411";"+ 400A";"forming machine A";"right longitudinal screw conveyor";"411M24"
"124";"27";"BusBar_Con_Down";"A";"pending";"170.08";"68.8";"1192.0";"871.0";"1L1.13";"20";"23";"= 411";"+ 400A";"forming machine A";"cleaning brush transport belt";"411M26"
"125";"27";"BusBar_Con_Down";"A";"pending";"192.76";"80.13";"1192.0";"871.0";"1L2.13";"20";"23";"= 411";"+ 400A";"forming machine A";"cleaning brush transport belt";"411M26"
"126";"27";"BusBar_Con_Down";"A";"pending";"215.43";"91.47";"1192.0";"871.0";"1L3.13";"20";"23";"= 411";"+ 400A";"forming machine A";"cleaning brush transport belt";"411M26"
"127";"27";"BusBar_Con_Down";"A";"pending";"238.11";"488.32";"1192.0";"871.0";"PE";"20";"23";"= 411";"+ 400A";"forming machine A";"cleaning brush transport belt";"411M26"
"128";"27";"BusBar_Con_Down";"A";"pending";"1031.81";"250.21";"1192.0";"871.0";"PE";"20";"23";"= 411";"+ 400A";"forming machine A";"cleaning brush transport belt";"411M26"
"129";"28";"BusBar_Con_Down";"A";"pending";"170.08";"68.8";"1192.0";"871.0";"1L1.13";"22";"23";"= 411";"+ 400A";"forming machine A";"transversal screw conveyor";"411M30"
"130";"28";"BusBar_Con_Down";"A";"pending";"192.76";"80.13";"1192.0";"871.0";"1L2.13";"22";"23";"= 411";"+ 400A";"forming machine A";"transversal screw conveyor";"411M30"
"131";"28";"BusBar_Con_Down";"A";"pending";"215.43";"91.47";"1192.0";"871.0";"1L3.13";"22";"23";"= 411";"+ 400A";"forming machine A";"transversal screw conveyor";"411M30"
"132";"28";"BusBar_Con_Down";"A";"pending";"238.11";"488.32";"1192.0";"871.0";"PE";"22";"23";"= 411";"+ 400A";"forming machine A";"transversal screw conveyor";"411M30"
"133";"29";"BusBar_Con_Down";"A";"pending";"170.08";"68.8";"1192.0";"871.0";"1L1.13";"23";"23";"= 411";"+ 400A";"forming machine A";"injection screw";"411M31"
"134";"29";"BusBar_Con_Down";"A";"pending";"192.76";"80.13";"1192.0";"871.0";"1L2.13";"23";"23";"= 411";"+ 400A";"forming machine A";"injection screw";"411M31"
"135";"29";"BusBar_Con_Down";"A";"pending";"215.43";"91.47";"1192.0";"871.0";"1L3.13";"23";"23";"= 411";"+ 400A";"forming machine A";"injection screw";"411M31"
"136";"29";"BusBar_Con_Down";"A";"pending";"238.11";"488.32";"1192.0";"871.0";"PE";"23";"23";"= 411";"+ 400A";"forming machine A";"injection screw";"411M31"
"137";"30";"BusBar_Con_Down";"A";"pending";"170.08";"68.8";"1192.0";"871.0";"1L1.14";"24";"23";"= 411";"+ 400A";"forming machine A";"recycling conveyor";"411M32"
"138";"30";"BusBar_Con_Down";"A";"pending";"192.76";"80.13";"1192.0";"871.0";"1L2.14";"24";"23";"= 411";"+ 400A";"forming machine A";"recycling conveyor";"411M32"
"139";"30";"BusBar_Con_Down";"A";"pending";"215.43";"91.47";"1192.0";"871.0";"1L3.14";"24";"23";"= 411";"+ 400A";"forming machine A";"recycling conveyor";"411M32"
"140";"30";"BusBar_Con_Down";"A";"pending";"238.11";"488.32";"1192.0";"871.0";"PE";"24";"23";"= 411";"+ 400A";"forming machine A";"recycling conveyor";"411M32"
"141";"31";"BusBar_Con_Down";"A";"pending";"170.08";"68.8";"1192.0";"871.0";"1F14R";"24a";"23";"= 411";"+ 400A";"forming machine A";"screw ???";"411M33"
"142";"31";"BusBar_Con_Down";"A";"pending";"192.76";"80.13";"1192.0";"871.0";"1F14S";"24a";"23";"= 411";"+ 400A";"forming machine A";"screw ???";"411M33"
"143";"31";"BusBar_Con_Down";"A";"pending";"215.43";"91.47";"1192.0";"871.0";"1F14T";"24a";"23";"= 411";"+ 400A";"forming machine A";"screw ???";"411M33"
"144";"32";"BusBar_Con_Down";"A";"pending";"170.08";"68.8";"1192.0";"871.0";"1F14R";"24b";"23";"= 411";"+ 400A";"forming machine A";"vibrator outside";"411M34"
"145";"32";"BusBar_Con_Down";"A";"pending";"192.76";"80.13";"1192.0";"871.0";"1F14S";"24b";"23";"= 411";"+ 400A";"forming machine A";"vibrator outside";"411M34"
"146";"32";"BusBar_Con_Down";"A";"pending";"215.43";"91.47";"1192.0";"871.0";"1F14T";"24b";"23";"= 411";"+ 400A";"forming machine A";"vibrator outside";"411M34"
"147";"33";"BusBar_Con_Down";"A";"pending";"170.08";"68.8";"1192.0";"871.0";"1L1.14";"25";"17";"= 413";"+ 400A";"forming machine B";"dosing belt cleaning brush";"413M10"
"148";"33";"BusBar_Con_Down";"A";"pending";"192.76";"80.13";"1192.0";"871.0";"1L2.14";"25";"17";"= 413";"+ 400A";"forming machine B";"dosing belt cleaning brush";"413M10"
"149";"33";"BusBar_Con_Down";"A";"pending";"215.43";"91.47";"1192.0";"871.0";"1L3.14";"25";"17";"= 413";"+ 400A";"forming machine B";"dosing belt cleaning brush";"413M10"
"150";"33";"BusBar_Con_Down";"A";"pending";"238.11";"488.32";"1192.0";"871.0";"PE";"25";"17";"= 413";"+ 400A";"forming machine B";"dosing belt cleaning brush";"413M10"
"151";"34";"BusBar_Con_Down";"A";"pending";"170.08";"68.8";"1192.0";"871.0";"1L1.14";"26";"17";"= 413";"+ 400A";"forming machine B";"rotary combs";"413M11"
"152";"34";"BusBar_Con_Down";"A";"pending";"192.76";"80.13";"1192.0";"871.0";"1L2.14";"26";"17";"= 413";"+ 400A";"forming machine B";"rotary combs";"413M11"
"153";"34";"BusBar_Con_Down";"A";"pending";"215.43";"91.47";"1192.0";"871.0";"1L3.14";"26";"17";"= 413";"+ 400A";"forming machine B";"rotary combs";"413M11"
"154";"34";"BusBar_Con_Down";"A";"pending";"238.11";"488.32";"1192.0";"871.0";"PE";"26";"17";"= 413";"+ 400A";"forming machine B";"rotary combs";"413M11"
"155";"35";"BusBar_Con_Down";"A";"pending";"170.08";"68.8";"1192.0";"871.0";"1L1.14";"27";"17";"= 413";"+ 400A";"forming machine B";"pinned roll";"413M13"
"156";"35";"BusBar_Con_Down";"A";"pending";"192.76";"80.13";"1192.0";"871.0";"1L2.14";"27";"17";"= 413";"+ 400A";"forming machine B";"pinned roll";"413M13"
"157";"35";"BusBar_Con_Down";"A";"pending";"215.43";"91.47";"1192.0";"871.0";"1L3.14";"27";"17";"= 413";"+ 400A";"forming machine B";"pinned roll";"413M13"
"158";"35";"BusBar_Con_Down";"A";"pending";"238.11";"488.32";"1192.0";"871.0";"PE";"27";"17";"= 413";"+ 400A";"forming machine B";"pinned roll";"413M13"
"159";"36";"BusBar_Con_Down";"A";"pending";"170.08";"68.8";"1192.0";"871.0";"1L1.14";"28";"17";"= 413";"+ 400A";"forming machine B";"distrbution belt left";"413M15"
"160";"36";"BusBar_Con_Down";"A";"pending";"192.76";"80.13";"1192.0";"871.0";"1L2.14";"28";"17";"= 413";"+ 400A";"forming machine B";"distrbution belt left";"413M15"
"161";"36";"BusBar_Con_Down";"A";"pending";"215.43";"91.47";"1192.0";"871.0";"1L3.14";"28";"17";"= 413";"+ 400A";"forming machine B";"distrbution belt left";"413M15"
"162";"36";"BusBar_Con_Down";"A";"pending";"238.11";"488.32";"1192.0";"871.0";"PE";"28";"17";"= 413";"+ 400A";"forming machine B";"distrbution belt left";"413M15"
"163";"37";"BusBar_Con_Down";"A";"pending";"170.08";"68.8";"1192.0";"871.0";"1L1.14";"29";"17";"= 413";"+ 400A";"forming machine B";"distrbution belt right";"413M16"
"164";"37";"BusBar_Con_Down";"A";"pending";"192.76";"80.13";"1192.0";"871.0";"1L2.14";"29";"17";"= 413";"+ 400A";"forming machine B";"distrbution belt right";"413M16"
"165";"37";"BusBar_Con_Down";"A";"pending";"215.43";"91.47";"1192.0";"871.0";"1L3.14";"29";"17";"= 413";"+ 400A";"forming machine B";"distrbution belt right";"413M16"
"166";"37";"BusBar_Con_Down";"A";"pending";"238.11";"488.32";"1192.0";"871.0";"PE";"29";"17";"= 413";"+ 400A";"forming machine B";"distrbution belt right";"413M16"
"167";"38";"BusBar_Con_Down";"A";"pending";"170.08";"68.8";"1192.0";"871.0";"1L1.14";"30";"17";"= 413";"+ 400A";"forming machine B";"transverse belt";"413M17"
"168";"38";"BusBar_Con_Down";"A";"pending";"192.76";"80.13";"1192.0";"871.0";"1L2.14";"30";"17";"= 413";"+ 400A";"forming machine B";"transverse belt";"413M17"
"169";"38";"BusBar_Con_Down";"A";"pending";"215.43";"91.47";"1192.0";"871.0";"1L3.14";"30";"17";"= 413";"+ 400A";"forming machine B";"transverse belt";"413M17"
"170";"38";"BusBar_Con_Down";"A";"pending";"272.13";"522.34";"1192.0";"871.0";"PE";"30";"17";"= 413";"+ 400A";"forming machine B";"transverse belt";"413M17"
"171";"38";"BusBar_Con_Down";"A";"pending";"589.61";"522.34";"1192.0";"871.0";"PE";"30";"17";"= 413";"+ 400A";"forming machine B";"transverse belt";"413M17"
"172";"40";"BusBar_Con_Down";"A";"pending";"170.08";"68.8";"1192.0";"871.0";"1L1.14";"31";"17";"= 413";"+ 400A";"forming machine B";"fast disk rolls";"413M20"
"173";"40";"BusBar_Con_Down";"A";"pending";"192.76";"80.13";"1192.0";"871.0";"1L2.14";"31";"17";"= 413";"+ 400A";"forming machine B";"fast disk rolls";"413M20"
"174";"40";"BusBar_Con_Down";"A";"pending";"215.43";"91.47";"1192.0";"871.0";"1L3.14";"31";"17";"= 413";"+ 400A";"forming machine B";"fast disk rolls";"413M20"
"175";"40";"BusBar_Con_Down";"A";"pending";"238.11";"488.32";"1192.0";"871.0";"PE";"31";"17";"= 413";"+ 400A";"forming machine B";"fast disk rolls";"413M20"
"176";"41";"BusBar_Con_Down";"A";"pending";"170.08";"68.8";"1192.0";"871.0";"1L1.14";"32";"17";"= 413";"+ 400A";"forming machine B";"slow disk rolls";"413M21"
"177";"41";"BusBar_Con_Down";"A";"pending";"192.76";"80.13";"1192.0";"871.0";"1L2.14";"32";"17";"= 413";"+ 400A";"forming machine B";"slow disk rolls";"413M21"
"178";"41";"BusBar_Con_Down";"A";"pending";"215.43";"91.47";"1192.0";"871.0";"1L3.14";"32";"17";"= 413";"+ 400A";"forming machine B";"slow disk rolls";"413M21"
"179";"41";"BusBar_Con_Down";"A";"pending";"238.11";"488.32";"1192.0";"871.0";"PE";"32";"17";"= 413";"+ 400A";"forming machine B";"slow disk rolls";"413M21"
"180";"42";"BusBar_Con_Down";"A";"pending";"170.08";"68.8";"1192.0";"871.0";"1L1.14";"33";"17";"= 413";"+ 400A";"forming machine B";"transport belt";"413M22"
"181";"42";"BusBar_Con_Down";"A";"pending";"192.76";"80.13";"1192.0";"871.0";"1L2.14";"33";"17";"= 413";"+ 400A";"forming machine B";"transport belt";"413M22"
"182";"42";"BusBar_Con_Down";"A";"pending";"215.43";"91.47";"1192.0";"871.0";"1L3.14";"33";"17";"= 413";"+ 400A";"forming machine B";"transport belt";"413M22"
"183";"42";"BusBar_Con_Down";"A";"pending";"238.11";"488.32";"1192.0";"871.0";"PE";"33";"17";"= 413";"+ 400A";"forming machine B";"transport belt";"413M22"
"184";"43";"BusBar_Con_Down";"A";"pending";"170.08";"68.8";"1192.0";"871.0";"1L1.14";"34";"17";"= 413";"+ 400A";"forming machine B";"left longitudinal screw conveyor";"413M23"
"185";"43";"BusBar_Con_Down";"A";"pending";"192.76";"80.13";"1192.0";"871.0";"1L2.14";"34";"17";"= 413";"+ 400A";"forming machine B";"left longitudinal screw conveyor";"413M23"
"186";"43";"BusBar_Con_Down";"A";"pending";"215.43";"91.47";"1192.0";"871.0";"1L3.14";"34";"17";"= 413";"+ 400A";"forming machine B";"left longitudinal screw conveyor";"413M23"
"187";"43";"BusBar_Con_Down";"A";"pending";"238.11";"488.32";"1192.0";"871.0";"PE";"34";"17";"= 413";"+ 400A";"forming machine B";"left longitudinal screw conveyor";"413M23"
"188";"44";"BusBar_Con_Down";"A";"pending";"170.08";"68.8";"1192.0";"871.0";"1L1.14";"35";"17";"= 413";"+ 400A";"forming machine B";"right longitudinal screw conveyor";"413M24"
"189";"44";"BusBar_Con_Down";"A";"pending";"192.76";"80.13";"1192.0";"871.0";"1L2.14";"35";"17";"= 413";"+ 400A";"forming machine B";"right longitudinal screw conveyor";"413M24"
"190";"44";"BusBar_Con_Down";"A";"pending";"215.43";"91.47";"1192.0";"871.0";"1L3.14";"35";"17";"= 413";"+ 400A";"forming machine B";"right longitudinal screw conveyor";"413M24"
"191";"44";"BusBar_Con_Down";"A";"pending";"238.11";"488.32";"1192.0";"871.0";"PE";"35";"17";"= 413";"+ 400A";"forming machine B";"right longitudinal screw conveyor";"413M24"
"192";"45";"BusBar_Con_Down";"A";"pending";"170.08";"68.8";"1192.0";"871.0";"1L1.15";"36";"17";"= 413";"+ 400A";"forming machine B";"cleaning brush transport belt";"413M26"
"193";"45";"BusBar_Con_Down";"A";"pending";"192.76";"80.13";"1192.0";"871.0";"1L2.15";"36";"17";"= 413";"+ 400A";"forming machine B";"cleaning brush transport belt";"413M26"
"194";"45";"BusBar_Con_Down";"A";"pending";"215.43";"91.47";"1192.0";"871.0";"1L3.15";"36";"17";"= 413";"+ 400A";"forming machine B";"cleaning brush transport belt";"413M26"
"195";"45";"BusBar_Con_Down";"A";"pending";"238.11";"488.32";"1192.0";"871.0";"PE";"36";"17";"= 413";"+ 400A";"forming machine B";"cleaning brush transport belt";"413M26"
"196";"46";"BusBar_Con_Down";"A";"pending";"170.08";"68.8";"1192.0";"871.0";"1L1.15";"38";"17";"= 413";"+ 400A";"forming machine B";"transversal screw conveyor belt";"413M30"
"197";"46";"BusBar_Con_Down";"A";"pending";"192.76";"80.13";"1192.0";"871.0";"1L2.15";"38";"17";"= 413";"+ 400A";"forming machine B";"transversal screw conveyor belt";"413M30"
"198";"46";"BusBar_Con_Down";"A";"pending";"215.43";"91.47";"1192.0";"871.0";"1L3.15";"38";"17";"= 413";"+ 400A";"forming machine B";"transversal screw conveyor belt";"413M30"
"199";"46";"BusBar_Con_Down";"A";"pending";"238.11";"488.32";"1192.0";"871.0";"PE";"38";"17";"= 413";"+ 400A";"forming machine B";"transversal screw conveyor belt";"413M30"
"200";"47";"BusBar_Con_Down";"A";"pending";"170.08";"68.8";"1192.0";"871.0";"1L1.15";"39";"17";"= 413";"+ 400A";"forming machine B";"injection screw";"413M31"
"201";"47";"BusBar_Con_Down";"A";"pending";"192.76";"80.13";"1192.0";"871.0";"1L2.15";"39";"17";"= 413";"+ 400A";"forming machine B";"injection screw";"413M31"
"202";"47";"BusBar_Con_Down";"A";"pending";"215.43";"91.47";"1192.0";"871.0";"1L3.15";"39";"17";"= 413";"+ 400A";"forming machine B";"injection screw";"413M31"
"203";"47";"BusBar_Con_Down";"A";"pending";"238.11";"488.32";"1192.0";"871.0";"PE";"39";"17";"= 413";"+ 400A";"forming machine B";"injection screw";"413M31"
"204";"48";"BusBar_Con_Down";"A";"pending";"170.08";"68.8";"1192.0";"871.0";"1L1.15";"40";"17";"= 413";"+ 400A";"forming machine B";"recycling conveyor";"413M32"
"205";"48";"BusBar_Con_Down";"A";"pending";"192.76";"80.13";"1192.0";"871.0";"1L2.15";"40";"17";"= 413";"+ 400A";"forming machine B";"recycling conveyor";"413M32"
"206";"48";"BusBar_Con_Down";"A";"pending";"215.43";"91.47";"1192.0";"871.0";"1L3.15";"40";"17";"= 413";"+ 400A";"forming machine B";"recycling conveyor";"413M32"
"207";"48";"BusBar_Con_Down";"A";"pending";"238.11";"488.32";"1192.0";"871.0";"PE";"40";"17";"= 413";"+ 400A";"forming machine B";"recycling conveyor";"413M32"
"208";"49";"BusBar_Con_Down";"A";"pending";"170.08";"68.8";"1192.0";"871.0";"1L1.15";"41";"3";"= 416";"+ 400A";"equelizing rolls";"height adjustment";"416M3"
"209";"49";"BusBar_Con_Down";"A";"pending";"192.76";"80.13";"1192.0";"871.0";"1L2.15";"41";"3";"= 416";"+ 400A";"equelizing rolls";"height adjustment";"416M3"
"210";"49";"BusBar_Con_Down";"A";"pending";"215.43";"91.47";"1192.0";"871.0";"1L3.15";"41";"3";"= 416";"+ 400A";"equelizing rolls";"height adjustment";"416M3"
"211";"49";"BusBar_Con_Down";"A";"pending";"272.13";"522.34";"1192.0";"871.0";"PE";"41";"3";"= 416";"+ 400A";"equelizing rolls";"height adjustment";"416M3"
"212";"50";"BusBar_Con_Down";"A";"pending";"963.78";"216.2";"1192.0";"871.0";"-PE";"42";"3";"= 416";"+ 400A";"";"width adjustment side traverse rolls";"416M6"
"213";"50";"BusBar_Con_Down";"A";"pending";"170.08";"68.8";"1192.0";"871.0";"1L1.15";"42";"3";"= 416";"+ 400A";"";"width adjustment side traverse rolls";"416M6"
"214";"50";"BusBar_Con_Down";"A";"pending";"192.76";"80.13";"1192.0";"871.0";"1L2.15";"42";"3";"= 416";"+ 400A";"";"width adjustment side traverse rolls";"416M6"
"215";"50";"BusBar_Con_Down";"A";"pending";"215.43";"91.47";"1192.0";"871.0";"1L3.15";"42";"3";"= 416";"+ 400A";"";"width adjustment side traverse rolls";"416M6"
"216";"50";"BusBar_Con_Down";"A";"pending";"238.11";"488.32";"1192.0";"871.0";"PE";"42";"3";"= 416";"+ 400A";"";"width adjustment side traverse rolls";"416M6"
"217";"51";"BusBar_Con_Down";"A";"pending";"170.08";"68.8";"1192.0";"871.0";"1L1.15";"43";"3";"= 416";"+ 400A";"";"width adjustment equalizing rolls";"416M25"
"218";"51";"BusBar_Con_Down";"A";"pending";"192.76";"80.13";"1192.0";"871.0";"1L2.15";"43";"3";"= 416";"+ 400A";"";"width adjustment equalizing rolls";"416M25"
"219";"51";"BusBar_Con_Down";"A";"pending";"215.43";"91.47";"1192.0";"871.0";"1L3.15";"43";"3";"= 416";"+ 400A";"";"width adjustment equalizing rolls";"416M25"
"220";"51";"BusBar_Con_Down";"A";"pending";"238.11";"488.32";"1192.0";"871.0";"PE";"43";"3";"= 416";"+ 400A";"";"width adjustment equalizing rolls";"416M25"
"221";"52";"BusBar_Con_Down";"A";"pending";"170.08";"68.8";"1192.0";"871.0";"1L1.16";"44";"26";"= 418";"+ 400A";"forming machine D";"left fan";"418M0"
"222";"52";"BusBar_Con_Down";"A";"pending";"192.76";"80.13";"1192.0";"871.0";"1L2.16";"44";"26";"= 418";"+ 400A";"forming machine D";"left fan";"418M0"
"223";"52";"BusBar_Con_Down";"A";"pending";"215.43";"91.47";"1192.0";"871.0";"1L3.16";"44";"26";"= 418";"+ 400A";"forming machine D";"left fan";"418M0"
"224";"52";"BusBar_Con_Down";"A";"pending";"238.11";"488.32";"1192.0";"871.0";"PE";"44";"26";"= 418";"+ 400A";"forming machine D";"left fan";"418M0"
"225";"53";"BusBar_Con_Down";"A";"pending";"170.08";"68.8";"1192.0";"871.0";"1L1.16";"45";"26";"= 418";"+ 400A";"forming machine D";"right fan";"418M1"
"226";"53";"BusBar_Con_Down";"A";"pending";"192.76";"80.13";"1192.0";"871.0";"1L2.16";"45";"26";"= 418";"+ 400A";"forming machine D";"right fan";"418M1"
"227";"53";"BusBar_Con_Down";"A";"pending";"215.43";"91.47";"1192.0";"871.0";"1L3.16";"45";"26";"= 418";"+ 400A";"forming machine D";"right fan";"418M1"
"228";"53";"BusBar_Con_Down";"A";"pending";"238.11";"488.32";"1192.0";"871.0";"PE";"45";"26";"= 418";"+ 400A";"forming machine D";"right fan";"418M1"
"229";"54";"BusBar_Con_Down";"A";"pending";"170.08";"68.8";"1192.0";"871.0";"1L1.16";"46";"26";"= 418";"+ 400A";"forming machine D";"dosing belt cleaning brush";"418M10"
"230";"54";"BusBar_Con_Down";"A";"pending";"192.76";"80.13";"1192.0";"871.0";"1L2.16";"46";"26";"= 418";"+ 400A";"forming machine D";"dosing belt cleaning brush";"418M10"
"231";"54";"BusBar_Con_Down";"A";"pending";"215.43";"91.47";"1192.0";"871.0";"1L3.16";"46";"26";"= 418";"+ 400A";"forming machine D";"dosing belt cleaning brush";"418M10"
"232";"54";"BusBar_Con_Down";"A";"pending";"238.11";"488.32";"1192.0";"871.0";"PE";"46";"26";"= 418";"+ 400A";"forming machine D";"dosing belt cleaning brush";"418M10"
"233";"55";"BusBar_Con_Down";"A";"pending";"170.08";"68.8";"1192.0";"871.0";"1L1.16";"47";"26";"= 418";"+ 400A";"forming machine D";"rotary combs";"418M11"
"234";"55";"BusBar_Con_Down";"A";"pending";"192.76";"80.13";"1192.0";"871.0";"1L2.16";"47";"26";"= 418";"+ 400A";"forming machine D";"rotary combs";"418M11"
"235";"55";"BusBar_Con_Down";"A";"pending";"215.43";"91.47";"1192.0";"871.0";"1L3.16";"47";"26";"= 418";"+ 400A";"forming machine D";"rotary combs";"418M11"
"236";"55";"BusBar_Con_Down";"A";"pending";"238.11";"488.32";"1192.0";"871.0";"PE";"47";"26";"= 418";"+ 400A";"forming machine D";"rotary combs";"418M11"
"237";"56";"BusBar_Con_Down";"A";"pending";"453.54";"590.37";"1192.0";"871.0";"-SH";"48";"26";"= 418";"+ 400A";"forming machine D";"pinned roll";"418M13"
"238";"56";"BusBar_Con_Down";"A";"pending";"170.08";"68.8";"1192.0";"871.0";"1L1.17";"48";"26";"= 418";"+ 400A";"forming machine D";"pinned roll";"418M13"
"239";"56";"BusBar_Con_Down";"A";"pending";"192.76";"80.13";"1192.0";"871.0";"1L2.17";"48";"26";"= 418";"+ 400A";"forming machine D";"pinned roll";"418M13"
"240";"56";"BusBar_Con_Down";"A";"pending";"215.43";"91.47";"1192.0";"871.0";"1L3.17";"48";"26";"= 418";"+ 400A";"forming machine D";"pinned roll";"418M13"
"241";"56";"BusBar_Con_Down";"A";"pending";"238.11";"488.32";"1192.0";"871.0";"PE";"48";"26";"= 418";"+ 400A";"forming machine D";"pinned roll";"418M13"
"242";"57";"BusBar_Con_Down";"A";"pending";"170.08";"68.8";"1192.0";"871.0";"1L1.17";"49";"26";"= 418";"+ 400A";"forming machine D";"oscillating flap";"418M14"
"243";"57";"BusBar_Con_Down";"A";"pending";"192.76";"80.13";"1192.0";"871.0";"1L2.17";"49";"26";"= 418";"+ 400A";"forming machine D";"oscillating flap";"418M14"
"244";"57";"BusBar_Con_Down";"A";"pending";"215.43";"91.47";"1192.0";"871.0";"1L3.17";"49";"26";"= 418";"+ 400A";"forming machine D";"oscillating flap";"418M14"
"245";"57";"BusBar_Con_Down";"A";"pending";"238.11";"488.32";"1192.0";"871.0";"PE";"49";"26";"= 418";"+ 400A";"forming machine D";"oscillating flap";"418M14"
"246";"58";"BusBar_Con_Down";"A";"pending";"170.08";"68.8";"1192.0";"871.0";"1L1.17";"50";"26";"= 418";"+ 400A";"forming machine D";"distrbution belt left";"418M15"
"247";"58";"BusBar_Con_Down";"A";"pending";"192.76";"80.13";"1192.0";"871.0";"1L2.17";"50";"26";"= 418";"+ 400A";"forming machine D";"distrbution belt left";"418M15"
"248";"58";"BusBar_Con_Down";"A";"pending";"215.43";"91.47";"1192.0";"871.0";"1L3.17";"50";"26";"= 418";"+ 400A";"forming machine D";"distrbution belt left";"418M15"
"249";"58";"BusBar_Con_Down";"A";"pending";"238.11";"488.32";"1192.0";"871.0";"PE";"50";"26";"= 418";"+ 400A";"forming machine D";"distrbution belt left";"418M15"
"250";"59";"BusBar_Con_Down";"A";"pending";"170.08";"68.8";"1192.0";"871.0";"1L1.17";"51";"26";"= 418";"+ 400A";"forming machine D";"distrbution belt right";"418M16"
"251";"59";"BusBar_Con_Down";"A";"pending";"192.76";"80.13";"1192.0";"871.0";"1L2.17";"51";"26";"= 418";"+ 400A";"forming machine D";"distrbution belt right";"418M16"
"252";"59";"BusBar_Con_Down";"A";"pending";"215.43";"91.47";"1192.0";"871.0";"1L3.17";"51";"26";"= 418";"+ 400A";"forming machine D";"distrbution belt right";"418M16"
"253";"59";"BusBar_Con_Down";"A";"pending";"238.11";"488.32";"1192.0";"871.0";"PE";"51";"26";"= 418";"+ 400A";"forming machine D";"distrbution belt right";"418M16"
"254";"60";"BusBar_Con_Down";"A";"pending";"170.08";"68.8";"1192.0";"871.0";"1L1.17";"52";"26";"= 418";"+ 400A";"forming machine D";"transverse belt";"418M17"
"255";"60";"BusBar_Con_Down";"A";"pending";"192.76";"80.13";"1192.0";"871.0";"1L2.17";"52";"26";"= 418";"+ 400A";"forming machine D";"transverse belt";"418M17"
"256";"60";"BusBar_Con_Down";"A";"pending";"215.43";"91.47";"1192.0";"871.0";"1L3.17";"52";"26";"= 418";"+ 400A";"forming machine D";"transverse belt";"418M17"
"257";"60";"BusBar_Con_Down";"A";"pending";"272.13";"522.34";"1192.0";"871.0";"PE";"52";"26";"= 418";"+ 400A";"forming machine D";"transverse belt";"418M17"
"258";"60";"BusBar_Con_Down";"A";"pending";"589.61";"522.34";"1192.0";"871.0";"PE";"52";"26";"= 418";"+ 400A";"forming machine D";"transverse belt";"418M17"
"259";"62";"BusBar_Con_Down";"A";"pending";"170.08";"68.8";"1192.0";"871.0";"1L1.17";"53";"26";"= 418";"+ 400A";"forming machine D";"2nd & 3rd screen vibrator";"418M18, 418M19"
"260";"62";"BusBar_Con_Down";"A";"pending";"192.76";"80.13";"1192.0";"871.0";"1L2.17";"53";"26";"= 418";"+ 400A";"forming machine D";"2nd & 3rd screen vibrator";"418M18, 418M19"
"261";"62";"BusBar_Con_Down";"A";"pending";"215.43";"91.47";"1192.0";"871.0";"1L3.17";"53";"26";"= 418";"+ 400A";"forming machine D";"2nd & 3rd screen vibrator";"418M18, 418M19"
"262";"62";"BusBar_Con_Down";"A";"pending";"385.51";"68.8";"1192.0";"871.0";"1L1.17";"53";"26";"= 418";"+ 400A";"forming machine D";"2nd & 3rd screen vibrator";"418M18, 418M19"
"263";"62";"BusBar_Con_Down";"A";"pending";"408.19";"80.13";"1192.0";"871.0";"1L2.17";"53";"26";"= 418";"+ 400A";"forming machine D";"2nd & 3rd screen vibrator";"418M18, 418M19"
"264";"62";"BusBar_Con_Down";"A";"pending";"430.87";"91.47";"1192.0";"871.0";"1L3.17";"53";"26";"= 418";"+ 400A";"forming machine D";"2nd & 3rd screen vibrator";"418M18, 418M19"
"265";"62";"BusBar_Con_Down";"A";"pending";"238.11";"488.32";"1192.0";"871.0";"PE";"53";"26";"= 418";"+ 400A";"forming machine D";"2nd & 3rd screen vibrator";"418M18, 418M19"
"266";"62";"BusBar_Con_Down";"A";"pending";"453.54";"488.32";"1192.0";"871.0";"PE";"53";"26";"= 418";"+ 400A";"forming machine D";"2nd & 3rd screen vibrator";"418M18, 418M19"
"267";"63";"BusBar_Con_Down";"A";"pending";"170.08";"68.8";"1192.0";"871.0";"1L1.17";"54";"26";"= 418";"+ 400A";"forming machine D";"fast disk rolls";"418M20"
"268";"63";"BusBar_Con_Down";"A";"pending";"192.76";"80.13";"1192.0";"871.0";"1L2.17";"54";"26";"= 418";"+ 400A";"forming machine D";"fast disk rolls";"418M20"
"269";"63";"BusBar_Con_Down";"A";"pending";"215.43";"91.47";"1192.0";"871.0";"1L3.17";"54";"26";"= 418";"+ 400A";"forming machine D";"fast disk rolls";"418M20"
"270";"63";"BusBar_Con_Down";"A";"pending";"238.11";"488.32";"1192.0";"871.0";"PE";"54";"26";"= 418";"+ 400A";"forming machine D";"fast disk rolls";"418M20"
"271";"64";"BusBar_Con_Down";"A";"pending";"170.08";"68.8";"1192.0";"871.0";"1L1.17";"55";"26";"= 418";"+ 400A";"forming machine D";"slow disk rolls";"418M21"
"272";"64";"BusBar_Con_Down";"A";"pending";"192.76";"80.13";"1192.0";"871.0";"1L2.17";"55";"26";"= 418";"+ 400A";"forming machine D";"slow disk rolls";"418M21"
"273";"64";"BusBar_Con_Down";"A";"pending";"215.43";"91.47";"1192.0";"871.0";"1L3.17";"55";"26";"= 418";"+ 400A";"forming machine D";"slow disk rolls";"418M21"
"274";"64";"BusBar_Con_Down";"A";"pending";"238.11";"488.32";"1192.0";"871.0";"PE";"55";"26";"= 418";"+ 400A";"forming machine D";"slow disk rolls";"418M21"
"275";"65";"BusBar_Con_Down";"A";"pending";"170.08";"68.8";"1192.0";"871.0";"1L1.17";"56";"26";"= 418";"+ 400A";"forming machine D";"transport belt";"418M22"
"276";"65";"BusBar_Con_Down";"A";"pending";"192.76";"80.13";"1192.0";"871.0";"1L2.17";"56";"26";"= 418";"+ 400A";"forming machine D";"transport belt";"418M22"
"277";"65";"BusBar_Con_Down";"A";"pending";"215.43";"91.47";"1192.0";"871.0";"1L3.17";"56";"26";"= 418";"+ 400A";"forming machine D";"transport belt";"418M22"
"278";"65";"BusBar_Con_Down";"A";"pending";"238.11";"488.32";"1192.0";"871.0";"PE";"56";"26";"= 418";"+ 400A";"forming machine D";"transport belt";"418M22"
"279";"66";"BusBar_Con_Down";"A";"pending";"170.08";"68.8";"1192.0";"871.0";"1L1.17";"57";"26";"= 418";"+ 400A";"forming machine D";"left longitudinal screw conveyor";"418M23"
"280";"66";"BusBar_Con_Down";"A";"pending";"192.76";"80.13";"1192.0";"871.0";"1L2.17";"57";"26";"= 418";"+ 400A";"forming machine D";"left longitudinal screw conveyor";"418M23"
"281";"66";"BusBar_Con_Down";"A";"pending";"215.43";"91.47";"1192.0";"871.0";"1L3.17";"57";"26";"= 418";"+ 400A";"forming machine D";"left longitudinal screw conveyor";"418M23"
"282";"66";"BusBar_Con_Down";"A";"pending";"238.11";"488.32";"1192.0";"871.0";"PE";"57";"26";"= 418";"+ 400A";"forming machine D";"left longitudinal screw conveyor";"418M23"
"283";"67";"BusBar_Con_Down";"A";"pending";"170.08";"68.8";"1192.0";"871.0";"1L1.17";"58";"26";"= 418";"+ 400A";"forming machine D";"right longitudinal screw conveyor";"418M24"
"284";"67";"BusBar_Con_Down";"A";"pending";"192.76";"80.13";"1192.0";"871.0";"1L2.17";"58";"26";"= 418";"+ 400A";"forming machine D";"right longitudinal screw conveyor";"418M24"
"285";"67";"BusBar_Con_Down";"A";"pending";"215.43";"91.47";"1192.0";"871.0";"1L3.17";"58";"26";"= 418";"+ 400A";"forming machine D";"right longitudinal screw conveyor";"418M24"
"286";"67";"BusBar_Con_Down";"A";"pending";"238.11";"488.32";"1192.0";"871.0";"PE";"58";"26";"= 418";"+ 400A";"forming machine D";"right longitudinal screw conveyor";"418M24"
"287";"68";"BusBar_Con_Down";"A";"pending";"170.08";"68.8";"1192.0";"871.0";"1L1.17";"59";"26";"= 418";"+ 400A";"forming machine D";"cleaning brush transport belt";"418M26"
"288";"68";"BusBar_Con_Down";"A";"pending";"192.76";"80.13";"1192.0";"871.0";"1L2.17";"59";"26";"= 418";"+ 400A";"forming machine D";"cleaning brush transport belt";"418M26"
"289";"68";"BusBar_Con_Down";"A";"pending";"215.43";"91.47";"1192.0";"871.0";"1L3.17";"59";"26";"= 418";"+ 400A";"forming machine D";"cleaning brush transport belt";"418M26"
"290";"68";"BusBar_Con_Down";"A";"pending";"238.11";"488.32";"1192.0";"871.0";"PE";"59";"26";"= 418";"+ 400A";"forming machine D";"cleaning brush transport belt";"418M26"
"291";"69";"BusBar_Con_Down";"A";"pending";"238.11";"114.15";"1192.0";"871.0";"PE";"59a";"26";"= 418";"+ 400A";"";"TEXPAN filter fan";"418M4"
"292";"71";"BusBar_Con_Down";"A";"pending";"170.08";"68.8";"1192.0";"871.0";"1L1.18";"59c";"26";"= 418";"+ 400A";"";"TEXPAN filter rotary valve";"418M2"
"293";"71";"BusBar_Con_Down";"A";"pending";"192.76";"80.13";"1192.0";"871.0";"1L2.18";"59c";"26";"= 418";"+ 400A";"";"TEXPAN filter rotary valve";"418M2"
"294";"71";"BusBar_Con_Down";"A";"pending";"215.43";"91.47";"1192.0";"871.0";"1L3.18";"59c";"26";"= 418";"+ 400A";"";"TEXPAN filter rotary valve";"418M2"
"295";"71";"BusBar_Con_Down";"A";"pending";"238.11";"476.98";"1192.0";"871.0";"PE";"59c";"26";"= 418";"+ 400A";"";"TEXPAN filter rotary valve";"418M2"
"296";"72";"BusBar_Con_Down";"A";"pending";"170.08";"68.8";"1192.0";"871.0";"1L1.18";"59d";"26";"= 418";"+ 400A";"";"TEXPAN filter screw conveyor";"418M3"
"297";"72";"BusBar_Con_Down";"A";"pending";"192.76";"80.13";"1192.0";"871.0";"1L2.18";"59d";"26";"= 418";"+ 400A";"";"TEXPAN filter screw conveyor";"418M3"
"298";"72";"BusBar_Con_Down";"A";"pending";"215.43";"91.47";"1192.0";"871.0";"1L3.18";"59d";"26";"= 418";"+ 400A";"";"TEXPAN filter screw conveyor";"418M3"
"299";"72";"BusBar_Con_Down";"A";"pending";"238.11";"476.98";"1192.0";"871.0";"PE";"59d";"26";"= 418";"+ 400A";"";"TEXPAN filter screw conveyor";"418M3"
"300";"73";"BusBar_Con_Down";"A";"pending";"170.08";"68.8";"1192.0";"871.0";"1L1.17";"61";"26";"= 418";"+ 400A";"forming machine D";"transversal screw conveyor belt";"418M30"
"301";"73";"BusBar_Con_Down";"A";"pending";"192.76";"80.13";"1192.0";"871.0";"1L2.17";"61";"26";"= 418";"+ 400A";"forming machine D";"transversal screw conveyor belt";"418M30"
"302";"73";"BusBar_Con_Down";"A";"pending";"215.43";"91.47";"1192.0";"871.0";"1L3.17";"61";"26";"= 418";"+ 400A";"forming machine D";"transversal screw conveyor belt";"418M30"
"303";"73";"BusBar_Con_Down";"A";"pending";"238.11";"488.32";"1192.0";"871.0";"PE";"61";"26";"= 418";"+ 400A";"forming machine D";"transversal screw conveyor belt";"418M30"
"304";"74";"BusBar_Con_Down";"A";"pending";"170.08";"68.8";"1192.0";"871.0";"1L1.17";"62";"26";"= 418";"+ 400A";"forming machine D";"injection screw";"418M31"
"305";"74";"BusBar_Con_Down";"A";"pending";"192.76";"80.13";"1192.0";"871.0";"1L2.17";"62";"26";"= 418";"+ 400A";"forming machine D";"injection screw";"418M31"
"306";"74";"BusBar_Con_Down";"A";"pending";"215.43";"91.47";"1192.0";"871.0";"1L3.17";"62";"26";"= 418";"+ 400A";"forming machine D";"injection screw";"418M31"
"307";"74";"BusBar_Con_Down";"A";"pending";"238.11";"488.32";"1192.0";"871.0";"PE";"62";"26";"= 418";"+ 400A";"forming machine D";"injection screw";"418M31"
"308";"75";"BusBar_Con_Down";"A";"pending";"170.08";"68.8";"1192.0";"871.0";"1L1.18";"63";"26";"= 418";"+ 400A";"forming machine D";"recycling conveyor";"418M32"
"309";"75";"BusBar_Con_Down";"A";"pending";"192.76";"80.13";"1192.0";"871.0";"1L2.18";"63";"26";"= 418";"+ 400A";"forming machine D";"recycling conveyor";"418M32"
"310";"75";"BusBar_Con_Down";"A";"pending";"215.43";"91.47";"1192.0";"871.0";"1L3.18";"63";"26";"= 418";"+ 400A";"forming machine D";"recycling conveyor";"418M32"
"311";"75";"BusBar_Con_Down";"A";"pending";"238.11";"488.32";"1192.0";"871.0";"PE";"63";"26";"= 418";"+ 400A";"forming machine D";"recycling conveyor";"418M32"
"312";"76";"BusBar_Con_Down";"A";"pending";"170.08";"68.8";"1192.0";"871.0";"1L1.20";"81";"26";"= 418";"+ 400A";"forming machine D";"recycling screw conveyor";"418M33"
"313";"76";"BusBar_Con_Down";"A";"pending";"192.76";"80.13";"1192.0";"871.0";"1L2.20";"81";"26";"= 418";"+ 400A";"forming machine D";"recycling screw conveyor";"418M33"
"314";"76";"BusBar_Con_Down";"A";"pending";"215.43";"91.47";"1192.0";"871.0";"1L3.20";"81";"26";"= 418";"+ 400A";"forming machine D";"recycling screw conveyor";"418M33"
"315";"76";"BusBar_Con_Down";"A";"pending";"238.11";"488.32";"1192.0";"871.0";"PE";"81";"26";"= 418";"+ 400A";"forming machine D";"recycling screw conveyor";"418M33"
"316";"77";"BusBar_Con_Down";"A";"pending";"170.08";"68.8";"1192.0";"871.0";"1L1.18";"64";"5";"= 420";"+ 400A";"forming line";"forming belt
belt adjustment";"420M1"
"317";"77";"BusBar_Con_Down";"A";"pending";"192.76";"80.13";"1192.0";"871.0";"1L2.18";"64";"5";"= 420";"+ 400A";"forming line";"forming belt
belt adjustment";"420M1"
"318";"77";"BusBar_Con_Down";"A";"pending";"215.43";"91.47";"1192.0";"871.0";"1L3.18";"64";"5";"= 420";"+ 400A";"forming line";"forming belt
belt adjustment";"420M1"
"319";"77";"BusBar_Con_Down";"A";"pending";"238.11";"442.97";"1192.0";"871.0";"PE";"64";"5";"= 420";"+ 400A";"forming line";"forming belt
belt adjustment";"420M1"
"320";"78";"BusBar_Con_Down";"A";"pending";"952.44";"216.2";"1192.0";"871.0";"-PE";"65";"5";"= 420";"+ 400A";"forming line";"hogger drive";"420M3"
"321";"78";"BusBar_Con_Down";"A";"pending";"170.08";"68.8";"1192.0";"871.0";"1L1.18";"65";"5";"= 420";"+ 400A";"forming line";"hogger drive";"420M3"
"322";"78";"BusBar_Con_Down";"A";"pending";"192.76";"80.13";"1192.0";"871.0";"1L2.18";"65";"5";"= 420";"+ 400A";"forming line";"hogger drive";"420M3"
"323";"78";"BusBar_Con_Down";"A";"pending";"215.43";"91.47";"1192.0";"871.0";"1L3.18";"65";"5";"= 420";"+ 400A";"forming line";"hogger drive";"420M3"
"324";"78";"BusBar_Con_Down";"A";"pending";"238.11";"442.97";"1192.0";"871.0";"PE";"65";"5";"= 420";"+ 400A";"forming line";"hogger drive";"420M3"
"325";"78";"BusBar_Con_Down";"A";"pending";"510.24";"442.97";"1192.0";"871.0";"PE";"65";"5";"= 420";"+ 400A";"forming line";"hogger drive";"420M3"
"326";"79";"BusBar_Con_Down";"A";"pending";"170.08";"68.8";"1192.0";"871.0";"1L1.18";"66";"5";"= 420";"+ 400A";"forming line";"hogger drive";"420M4"
"327";"79";"BusBar_Con_Down";"A";"pending";"192.76";"80.13";"1192.0";"871.0";"1L2.18";"66";"5";"= 420";"+ 400A";"forming line";"hogger drive";"420M4"
"328";"79";"BusBar_Con_Down";"A";"pending";"215.43";"91.47";"1192.0";"871.0";"1L3.18";"66";"5";"= 420";"+ 400A";"forming line";"hogger drive";"420M4"
"329";"79";"BusBar_Con_Down";"A";"pending";"238.11";"442.97";"1192.0";"871.0";"PE";"66";"5";"= 420";"+ 400A";"forming line";"hogger drive";"420M4"
"330";"79";"BusBar_Con_Down";"A";"pending";"510.24";"442.97";"1192.0";"871.0";"PE";"66";"5";"= 420";"+ 400A";"forming line";"hogger drive";"420M4"
"331";"80";"BusBar_Con_Down";"A";"pending";"170.08";"68.8";"1192.0";"871.0";"1L1.19";"67";"5";"= 420";"+ 400A";"forming line";"HP - pump";"420M9"
"332";"80";"BusBar_Con_Down";"A";"pending";"192.76";"80.13";"1192.0";"871.0";"1L2.19";"67";"5";"= 420";"+ 400A";"forming line";"HP - pump";"420M9"
"333";"80";"BusBar_Con_Down";"A";"pending";"215.43";"91.47";"1192.0";"871.0";"1L3.19";"67";"5";"= 420";"+ 400A";"forming line";"HP - pump";"420M9"
"334";"80";"BusBar_Con_Down";"A";"pending";"238.11";"442.97";"1192.0";"871.0";"PE";"67";"5";"= 420";"+ 400A";"forming line";"HP - pump";"420M9"
"335";"81";"BusBar_Con_Down";"A";"pending";"170.08";"68.8";"1192.0";"871.0";"1L1.19";"68";"5";"= 420";"+ 400A";"forming line";"cleaning brush";"420M15"
"336";"81";"BusBar_Con_Down";"A";"pending";"192.76";"80.13";"1192.0";"871.0";"1L2.19";"68";"5";"= 420";"+ 400A";"forming line";"cleaning brush";"420M15"
"337";"81";"BusBar_Con_Down";"A";"pending";"215.43";"91.47";"1192.0";"871.0";"1L3.19";"68";"5";"= 420";"+ 400A";"forming line";"cleaning brush";"420M15"
"338";"81";"BusBar_Con_Down";"A";"pending";"238.11";"442.97";"1192.0";"871.0";"PE";"68";"5";"= 420";"+ 400A";"forming line";"cleaning brush";"420M15"
"339";"82";"BusBar_Con_Down";"A";"pending";"170.08";"68.8";"1192.0";"871.0";"1L1";"69";"7";"= 421";"+ 400A";"pre - press";"hydraulics
HP - pump";"421M1"
"340";"82";"BusBar_Con_Down";"A";"pending";"192.76";"80.13";"1192.0";"871.0";"1L2";"69";"7";"= 421";"+ 400A";"pre - press";"hydraulics
HP - pump";"421M1"
"341";"82";"BusBar_Con_Down";"A";"pending";"215.43";"91.47";"1192.0";"871.0";"1L3";"69";"7";"= 421";"+ 400A";"pre - press";"hydraulics
HP - pump";"421M1"
"342";"82";"BusBar_Con_Down";"A";"pending";"487.56";"442.97";"1192.0";"871.0";"-SH";"69";"7";"= 421";"+ 400A";"pre - press";"hydraulics
HP - pump";"421M1"
"343";"82";"BusBar_Con_Down";"A";"pending";"238.11";"442.97";"1192.0";"871.0";"PE";"69";"7";"= 421";"+ 400A";"pre - press";"hydraulics
HP - pump";"421M1"
"344";"83";"BusBar_Con_Down";"A";"pending";"170.08";"68.8";"1192.0";"871.0";"1L1.19";"70";"7";"= 421";"+ 400A";"pre - press";"hydraulics
cooling - fan";"421M2"
"345";"83";"BusBar_Con_Down";"A";"pending";"192.76";"80.13";"1192.0";"871.0";"1L2.19";"70";"7";"= 421";"+ 400A";"pre - press";"hydraulics
cooling - fan";"421M2"
"346";"83";"BusBar_Con_Down";"A";"pending";"215.43";"91.47";"1192.0";"871.0";"1L3.19";"70";"7";"= 421";"+ 400A";"pre - press";"hydraulics
cooling - fan";"421M2"
"347";"83";"BusBar_Con_Down";"A";"pending";"238.11";"442.97";"1192.0";"871.0";"PE";"70";"7";"= 421";"+ 400A";"pre - press";"hydraulics
cooling - fan";"421M2"
"348";"84";"BusBar_Con_Down";"A";"pending";"170.08";"68.8";"1192.0";"871.0";"1L1.19";"71";"7";"= 421";"+ 400A";"pre - press";"cleaning brush 1";"421M3"
"349";"84";"BusBar_Con_Down";"A";"pending";"192.76";"80.13";"1192.0";"871.0";"1L2.19";"71";"7";"= 421";"+ 400A";"pre - press";"cleaning brush 1";"421M3"
"350";"84";"BusBar_Con_Down";"A";"pending";"215.43";"91.47";"1192.0";"871.0";"1L3.19";"71";"7";"= 421";"+ 400A";"pre - press";"cleaning brush 1";"421M3"
"351";"84";"BusBar_Con_Down";"A";"pending";"238.11";"261.55";"1192.0";"871.0";"PE";"71";"7";"= 421";"+ 400A";"pre - press";"cleaning brush 1";"421M3"
"352";"85";"BusBar_Con_Down";"A";"pending";"170.08";"68.8";"1192.0";"871.0";"1L1.19";"71a";"7";"= 421";"+ 400A";"pre - press";"cleaning brush 2";"421M4"
"353";"85";"BusBar_Con_Down";"A";"pending";"192.76";"80.13";"1192.0";"871.0";"1L2.19";"71a";"7";"= 421";"+ 400A";"pre - press";"cleaning brush 2";"421M4"
"354";"85";"BusBar_Con_Down";"A";"pending";"215.43";"91.47";"1192.0";"871.0";"1L3.19";"71a";"7";"= 421";"+ 400A";"pre - press";"cleaning brush 2";"421M4"
"355";"85";"BusBar_Con_Down";"A";"pending";"238.11";"261.55";"1192.0";"871.0";"PE";"71a";"7";"= 421";"+ 400A";"pre - press";"cleaning brush 2";"421M4"
"356";"86";"BusBar_Con_Down";"A";"pending";"170.08";"68.8";"1192.0";"871.0";"1L1.19";"71b";"7";"= 421";"+ 400A";"pre - press";"cleaning brush 3";"421M5"
"357";"86";"BusBar_Con_Down";"A";"pending";"192.76";"80.13";"1192.0";"871.0";"1L2.19";"71b";"7";"= 421";"+ 400A";"pre - press";"cleaning brush 3";"421M5"
"358";"86";"BusBar_Con_Down";"A";"pending";"215.43";"91.47";"1192.0";"871.0";"1L3.19";"71b";"7";"= 421";"+ 400A";"pre - press";"cleaning brush 3";"421M5"
"359";"86";"BusBar_Con_Down";"A";"pending";"238.11";"261.55";"1192.0";"871.0";"PE";"71b";"7";"= 421";"+ 400A";"pre - press";"cleaning brush 3";"421M5"
"360";"88";"BusBar_Con_Down";"A";"pending";"170.08";"68.8";"1192.0";"871.0";"1L1.19";"71d";"7";"= 421";"+ 400A";"pre - press";"belt adjustment
air evacuation belt";"421M13"
"361";"88";"BusBar_Con_Down";"A";"pending";"192.76";"80.13";"1192.0";"871.0";"1L2.19";"71d";"7";"= 421";"+ 400A";"pre - press";"belt adjustment
air evacuation belt";"421M13"
"362";"88";"BusBar_Con_Down";"A";"pending";"215.43";"91.47";"1192.0";"871.0";"1L3.19";"71d";"7";"= 421";"+ 400A";"pre - press";"belt adjustment
air evacuation belt";"421M13"
"363";"88";"BusBar_Con_Down";"A";"pending";"238.11";"284.23";"1192.0";"871.0";"PE";"71d";"7";"= 421";"+ 400A";"pre - press";"belt adjustment
air evacuation belt";"421M13"
"364";"89";"BusBar_Con_Down";"A";"pending";"170.08";"68.8";"1192.0";"871.0";"1L1.19";"72";"29";"= 427";"+ 400A";"press hydraulics";"cooling and filtering pump";"427M1.1"
"365";"89";"BusBar_Con_Down";"A";"pending";"192.76";"80.13";"1192.0";"871.0";"1L2.19";"72";"29";"= 427";"+ 400A";"press hydraulics";"cooling and filtering pump";"427M1.1"
"366";"89";"BusBar_Con_Down";"A";"pending";"215.43";"91.47";"1192.0";"871.0";"1L3.19";"72";"29";"= 427";"+ 400A";"press hydraulics";"cooling and filtering pump";"427M1.1"
"367";"89";"BusBar_Con_Down";"A";"pending";"238.11";"442.97";"1192.0";"871.0";"PE";"72";"29";"= 427";"+ 400A";"press hydraulics";"cooling and filtering pump";"427M1.1"
"368";"90";"BusBar_Con_Down";"A";"pending";"170.08";"68.8";"1192.0";"871.0";"1L1.19";"73";"29";"= 427";"+ 400A";"press hydraulics";"fan air cooling";"427M1.2"
"369";"90";"BusBar_Con_Down";"A";"pending";"192.76";"80.13";"1192.0";"871.0";"1L2.19";"73";"29";"= 427";"+ 400A";"press hydraulics";"fan air cooling";"427M1.2"
"370";"90";"BusBar_Con_Down";"A";"pending";"215.43";"91.47";"1192.0";"871.0";"1L3.19";"73";"29";"= 427";"+ 400A";"press hydraulics";"fan air cooling";"427M1.2"
"371";"90";"BusBar_Con_Down";"A";"pending";"238.11";"442.97";"1192.0";"871.0";"PE";"73";"29";"= 427";"+ 400A";"press hydraulics";"fan air cooling";"427M1.2"
"372";"91";"BusBar_Con_Down";"A";"pending";"170.08";"68.8";"1192.0";"871.0";"1L1.18";"74";"29";"= 427";"+ 400A";"press hydraulics";"close shut off valve 60";"spare"
"373";"91";"BusBar_Con_Down";"A";"pending";"192.76";"80.13";"1192.0";"871.0";"1L2.18";"74";"29";"= 427";"+ 400A";"press hydraulics";"close shut off valve 60";"spare"
"374";"91";"BusBar_Con_Down";"A";"pending";"215.43";"91.47";"1192.0";"871.0";"1L3.18";"74";"29";"= 427";"+ 400A";"press hydraulics";"close shut off valve 60";"spare"
"375";"91";"BusBar_Con_Down";"A";"pending";"238.11";"499.66";"1192.0";"871.0";"PE";"74";"29";"= 427";"+ 400A";"press hydraulics";"close shut off valve 60";"spare"
"376";"92";"BusBar_Con_Down";"A";"pending";"170.08";"68.8";"1192.0";"871.0";"1L1";"75";"29";"= 427";"+ 400A";"press";"hydraulics HP - pump";"427M3"
"377";"92";"BusBar_Con_Down";"A";"pending";"192.76";"80.13";"1192.0";"871.0";"1L2";"75";"29";"= 427";"+ 400A";"press";"hydraulics HP - pump";"427M3"
"378";"92";"BusBar_Con_Down";"A";"pending";"215.43";"91.47";"1192.0";"871.0";"1L3";"75";"29";"= 427";"+ 400A";"press";"hydraulics HP - pump";"427M3"
"379";"92";"BusBar_Con_Down";"A";"pending";"238.11";"442.97";"1192.0";"871.0";"PE";"75";"29";"= 427";"+ 400A";"press";"hydraulics HP - pump";"427M3"
"380";"93";"BusBar_Con_Down";"A";"pending";"170.08";"68.8";"1192.0";"871.0";"1L1.19";"76";"29";"= 427";"+ 400A";"press";"upper cleaning brush 1";"427M4"
"381";"93";"BusBar_Con_Down";"A";"pending";"192.76";"80.13";"1192.0";"871.0";"1L2.19";"76";"29";"= 427";"+ 400A";"press";"upper cleaning brush 1";"427M4"
"382";"93";"BusBar_Con_Down";"A";"pending";"215.43";"91.47";"1192.0";"871.0";"1L3.19";"76";"29";"= 427";"+ 400A";"press";"upper cleaning brush 1";"427M4"
"383";"93";"BusBar_Con_Down";"A";"pending";"238.11";"442.97";"1192.0";"871.0";"PE";"76";"29";"= 427";"+ 400A";"press";"upper cleaning brush 1";"427M4"
"384";"94";"BusBar_Con_Down";"A";"pending";"170.08";"68.8";"1192.0";"871.0";"1L1.19";"76a";"29";"= 427";"+ 400A";"press";"upper cleaning brush 2";"427M5"
"385";"94";"BusBar_Con_Down";"A";"pending";"192.76";"80.13";"1192.0";"871.0";"1L2.19";"76a";"29";"= 427";"+ 400A";"press";"upper cleaning brush 2";"427M5"
"386";"94";"BusBar_Con_Down";"A";"pending";"215.43";"91.47";"1192.0";"871.0";"1L3.19";"76a";"29";"= 427";"+ 400A";"press";"upper cleaning brush 2";"427M5"
"387";"94";"BusBar_Con_Down";"A";"pending";"238.11";"442.97";"1192.0";"871.0";"PE";"76a";"29";"= 427";"+ 400A";"press";"upper cleaning brush 2";"427M5"
"388";"95";"BusBar_Con_Down";"A";"pending";"170.08";"68.8";"1192.0";"871.0";"1L1.20";"77";"29";"= 427";"+ 400A";"press hydraulics";"washing pump";"427M8.1"
"389";"95";"BusBar_Con_Down";"A";"pending";"192.76";"80.13";"1192.0";"871.0";"1L2.20";"77";"29";"= 427";"+ 400A";"press hydraulics";"washing pump";"427M8.1"
"390";"95";"BusBar_Con_Down";"A";"pending";"215.43";"91.47";"1192.0";"871.0";"1L3.20";"77";"29";"= 427";"+ 400A";"press hydraulics";"washing pump";"427M8.1"
"391";"95";"BusBar_Con_Down";"A";"pending";"238.11";"442.97";"1192.0";"871.0";"PE";"77";"29";"= 427";"+ 400A";"press hydraulics";"washing pump";"427M8.1"
"392";"96";"BusBar_Con_Down";"A";"pending";"170.08";"68.8";"1192.0";"871.0";"1L1.18";"78";"29";"= 427";"+ 400A";"press hydraulics";"stop cock 21 close";"427M8.2"
"393";"96";"BusBar_Con_Down";"A";"pending";"192.76";"80.13";"1192.0";"871.0";"1L2.18";"78";"29";"= 427";"+ 400A";"press hydraulics";"stop cock 21 close";"427M8.2"
"394";"96";"BusBar_Con_Down";"A";"pending";"215.43";"91.47";"1192.0";"871.0";"1L3.18";"78";"29";"= 427";"+ 400A";"press hydraulics";"stop cock 21 close";"427M8.2"
"395";"96";"BusBar_Con_Down";"A";"pending";"238.11";"442.97";"1192.0";"871.0";"PE";"78";"29";"= 427";"+ 400A";"press hydraulics";"stop cock 21 close";"427M8.2"
"396";"97";"BusBar_Con_Down";"A";"pending";"170.08";"68.8";"1192.0";"871.0";"1L1.20";"79";"29";"= 427";"+ 400A";"press";"exhaust oil mist";"427M23"
"397";"97";"BusBar_Con_Down";"A";"pending";"192.76";"80.13";"1192.0";"871.0";"1L2.20";"79";"29";"= 427";"+ 400A";"press";"exhaust oil mist";"427M23"
"398";"97";"BusBar_Con_Down";"A";"pending";"215.43";"91.47";"1192.0";"871.0";"1L3.20";"79";"29";"= 427";"+ 400A";"press";"exhaust oil mist";"427M23"
"399";"97";"BusBar_Con_Down";"A";"pending";"238.11";"442.97";"1192.0";"871.0";"PE";"79";"29";"= 427";"+ 400A";"press";"exhaust oil mist";"427M23"
"400";"98";"BusBar_Con_Down";"A";"pending";"170.08";"68.8";"1192.0";"871.0";"1L1.20";"80";"29";"= 427";"+ 400A";"press";"fan air circulation belt lubrication top";"427M24"
"401";"98";"BusBar_Con_Down";"A";"pending";"192.76";"80.13";"1192.0";"871.0";"1L2.20";"80";"29";"= 427";"+ 400A";"press";"fan air circulation belt lubrication top";"427M24"
"402";"98";"BusBar_Con_Down";"A";"pending";"215.43";"91.47";"1192.0";"871.0";"1L3.20";"80";"29";"= 427";"+ 400A";"press";"fan air circulation belt lubrication top";"427M24"
"403";"98";"BusBar_Con_Down";"A";"pending";"238.11";"499.66";"1192.0";"871.0";"PE";"80";"29";"= 427";"+ 400A";"press";"fan air circulation belt lubrication top";"427M24"
"404";"99";"BusBar_Con_Down";"A";"pending";"170.08";"68.8";"1192.0";"871.0";"1L1.20";"81";"29";"= 427";"+ 400A";"press";"fan air circulation belt lubrication top";"427M25"
"405";"99";"BusBar_Con_Down";"A";"pending";"192.76";"80.13";"1192.0";"871.0";"1L2.20";"81";"29";"= 427";"+ 400A";"press";"fan air circulation belt lubrication top";"427M25"
"406";"99";"BusBar_Con_Down";"A";"pending";"215.43";"91.47";"1192.0";"871.0";"1L3.20";"81";"29";"= 427";"+ 400A";"press";"fan air circulation belt lubrication top";"427M25"
"407";"99";"BusBar_Con_Down";"A";"pending";"238.11";"499.66";"1192.0";"871.0";"PE";"81";"29";"= 427";"+ 400A";"press";"fan air circulation belt lubrication top";"427M25"
"408";"100";"BusBar_Con_Down";"A";"pending";"170.08";"68.8";"1192.0";"871.0";"1L1.20";"82";"29";"= 427";"+ 400A";"press";"pump roll rod chain belt lubrication";"427M28"
"409";"100";"BusBar_Con_Down";"A";"pending";"192.76";"80.13";"1192.0";"871.0";"1L2.20";"82";"29";"= 427";"+ 400A";"press";"pump roll rod chain belt lubrication";"427M28"
"410";"100";"BusBar_Con_Down";"A";"pending";"215.43";"91.47";"1192.0";"871.0";"1L3.20";"82";"29";"= 427";"+ 400A";"press";"pump roll rod chain belt lubrication";"427M28"
"411";"100";"BusBar_Con_Down";"A";"pending";"238.11";"442.97";"1192.0";"871.0";"PE";"82";"29";"= 427";"+ 400A";"press";"pump roll rod chain belt lubrication";"427M28"
"412";"101";"BusBar_Con_Down";"A";"pending";"170.08";"68.8";"1192.0";"871.0";"1L1.20";"83";"29";"= 427";"+ 400A";"press";"pump align and press lubrication of chain";"427M29"
"413";"101";"BusBar_Con_Down";"A";"pending";"192.76";"80.13";"1192.0";"871.0";"1L2.20";"83";"29";"= 427";"+ 400A";"press";"pump align and press lubrication of chain";"427M29"
"414";"101";"BusBar_Con_Down";"A";"pending";"215.43";"91.47";"1192.0";"871.0";"1L3.20";"83";"29";"= 427";"+ 400A";"press";"pump align and press lubrication of chain";"427M29"
"415";"101";"BusBar_Con_Down";"A";"pending";"238.11";"442.97";"1192.0";"871.0";"PE";"83";"29";"= 427";"+ 400A";"press";"pump align and press lubrication of chain";"427M29"
"416";"102";"BusBar_Con_Down";"A";"pending";"170.08";"68.8";"1192.0";"871.0";"1L1.20";"84";"29";"= 427";"+ 400A";"press";"belt adjustment
middle belt";"427M30"
"417";"102";"BusBar_Con_Down";"A";"pending";"192.76";"80.13";"1192.0";"871.0";"1L2.20";"84";"29";"= 427";"+ 400A";"press";"belt adjustment
middle belt";"427M30"
"418";"102";"BusBar_Con_Down";"A";"pending";"215.43";"91.47";"1192.0";"871.0";"1L3.20";"84";"29";"= 427";"+ 400A";"press";"belt adjustment
middle belt";"427M30"
"419";"102";"BusBar_Con_Down";"A";"pending";"238.11";"374.94";"1192.0";"871.0";"PE";"84";"29";"= 427";"+ 400A";"press";"belt adjustment
middle belt";"427M30"
"420";"103";"BusBar_Con_Down";"A";"pending";"170.08";"68.8";"1192.0";"871.0";"1L1.20";"85";"29";"= 427";"+ 400A";"press";"spare";""
"421";"103";"BusBar_Con_Down";"A";"pending";"192.76";"80.13";"1192.0";"871.0";"1L2.20";"85";"29";"= 427";"+ 400A";"press";"spare";""
"422";"103";"BusBar_Con_Down";"A";"pending";"215.43";"91.47";"1192.0";"871.0";"1L3.20";"85";"29";"= 427";"+ 400A";"press";"spare";""
"423";"103";"BusBar_Con_Down";"A";"pending";"238.11";"499.66";"1192.0";"871.0";"PE";"85";"29";"= 427";"+ 400A";"press";"spare";""
"424";"104";"BusBar_Con_Down";"A";"pending";"170.08";"68.8";"1192.0";"871.0";"1L1.20";"86";"29";"= 427";"+ 400A";"press";"spare";""
"425";"104";"BusBar_Con_Down";"A";"pending";"192.76";"80.13";"1192.0";"871.0";"1L2.20";"86";"29";"= 427";"+ 400A";"press";"spare";""
"426";"104";"BusBar_Con_Down";"A";"pending";"215.43";"91.47";"1192.0";"871.0";"1L3.20";"86";"29";"= 427";"+ 400A";"press";"spare";""
"427";"104";"BusBar_Con_Down";"A";"pending";"238.11";"499.66";"1192.0";"871.0";"PE";"86";"29";"= 427";"+ 400A";"press";"spare";""
"428";"105";"BusBar_Con_Down";"A";"pending";"170.08";"68.8";"1192.0";"871.0";"1L1.20";"87";"29";"= 427";"+ 400A";"press";"spare";""
"429";"105";"BusBar_Con_Down";"A";"pending";"192.76";"80.13";"1192.0";"871.0";"1L2.20";"87";"29";"= 427";"+ 400A";"press";"spare";""
"430";"105";"BusBar_Con_Down";"A";"pending";"215.43";"91.47";"1192.0";"871.0";"1L3.20";"87";"29";"= 427";"+ 400A";"press";"spare";""
"431";"105";"BusBar_Con_Down";"A";"pending";"238.11";"499.66";"1192.0";"871.0";"PE";"87";"29";"= 427";"+ 400A";"press";"spare";""
"432";"106";"BusBar_Con_Down";"A";"pending";"952.44";"272.89";"1192.0";"871.0";"-PE";"88";"29";"= 427";"+ 400A";"press";"spare";""
"433";"106";"BusBar_Con_Down";"A";"pending";"170.08";"68.8";"1192.0";"871.0";"1L1.20";"88";"29";"= 427";"+ 400A";"press";"spare";""
"434";"106";"BusBar_Con_Down";"A";"pending";"192.76";"80.13";"1192.0";"871.0";"1L2.20";"88";"29";"= 427";"+ 400A";"press";"spare";""
"435";"106";"BusBar_Con_Down";"A";"pending";"215.43";"91.47";"1192.0";"871.0";"1L3.20";"88";"29";"= 427";"+ 400A";"press";"spare";""
"436";"106";"BusBar_Con_Down";"A";"pending";"238.11";"499.66";"1192.0";"871.0";"PE";"88";"29";"= 427";"+ 400A";"press";"spare";""
"437";"107";"BusBar_Con_Down";"A";"pending";"170.08";"68.8";"1192.0";"871.0";"1L1.20";"88a";"29";"= 427";"+ 400A";"press";"spare";""
"438";"107";"BusBar_Con_Down";"A";"pending";"192.76";"80.13";"1192.0";"871.0";"1L2.20";"88a";"29";"= 427";"+ 400A";"press";"spare";""
"439";"107";"BusBar_Con_Down";"A";"pending";"215.43";"91.47";"1192.0";"871.0";"1L3.20";"88a";"29";"= 427";"+ 400A";"press";"spare";""
"440";"108";"BusBar_Con_Down";"A";"pending";"170.08";"68.8";"1192.0";"871.0";"1L1.20";"88b";"29";"= 427";"+ 400A";"press";"spare";""
"441";"108";"BusBar_Con_Down";"A";"pending";"192.76";"80.13";"1192.0";"871.0";"1L2.20";"88b";"29";"= 427";"+ 400A";"press";"spare";""
"442";"108";"BusBar_Con_Down";"A";"pending";"215.43";"91.47";"1192.0";"871.0";"1L3.20";"88b";"29";"= 427";"+ 400A";"press";"spare";""
"443";"109";"BusBar_Con_Down";"A";"pending";"170.08";"68.8";"1192.0";"871.0";"1L1.21";"89";"29";"= 427";"+ 400A";"press";"stop bar adjustment frame 1 - 8 right";"427M301"
"444";"109";"BusBar_Con_Down";"A";"pending";"192.76";"80.13";"1192.0";"871.0";"1L2.21";"89";"29";"= 427";"+ 400A";"press";"stop bar adjustment frame 1 - 8 right";"427M301"
"445";"109";"BusBar_Con_Down";"A";"pending";"215.43";"91.47";"1192.0";"871.0";"1L3.21";"89";"29";"= 427";"+ 400A";"press";"stop bar adjustment frame 1 - 8 right";"427M301"
"446";"109";"BusBar_Con_Down";"A";"pending";"260.79";"431.63";"1192.0";"871.0";"PE";"89";"29";"= 427";"+ 400A";"press";"stop bar adjustment frame 1 - 8 right";"427M301"
"447";"110";"BusBar_Con_Down";"A";"pending";"170.08";"68.8";"1192.0";"871.0";"1L1.21";"90";"29";"= 427";"+ 400A";"press";"stop bar adjustment frame 1 - 8 left";"427M302"
"448";"110";"BusBar_Con_Down";"A";"pending";"192.76";"80.13";"1192.0";"871.0";"1L2.21";"90";"29";"= 427";"+ 400A";"press";"stop bar adjustment frame 1 - 8 left";"427M302"
"449";"110";"BusBar_Con_Down";"A";"pending";"215.43";"91.47";"1192.0";"871.0";"1L3.21";"90";"29";"= 427";"+ 400A";"press";"stop bar adjustment frame 1 - 8 left";"427M302"
"450";"110";"BusBar_Con_Down";"A";"pending";"260.79";"431.63";"1192.0";"871.0";"PE";"90";"29";"= 427";"+ 400A";"press";"stop bar adjustment frame 1 - 8 left";"427M302"
"451";"111";"BusBar_Con_Down";"A";"pending";"170.08";"68.8";"1192.0";"871.0";"1L1.21";"91";"29";"= 427";"+ 400A";"press";"stop bar adjustment frame 9 - 16 right";"427M303"
"452";"111";"BusBar_Con_Down";"A";"pending";"192.76";"80.13";"1192.0";"871.0";"1L2.21";"91";"29";"= 427";"+ 400A";"press";"stop bar adjustment frame 9 - 16 right";"427M303"
"453";"111";"BusBar_Con_Down";"A";"pending";"215.43";"91.47";"1192.0";"871.0";"1L3.21";"91";"29";"= 427";"+ 400A";"press";"stop bar adjustment frame 9 - 16 right";"427M303"
"454";"111";"BusBar_Con_Down";"A";"pending";"260.79";"431.63";"1192.0";"871.0";"PE";"91";"29";"= 427";"+ 400A";"press";"stop bar adjustment frame 9 - 16 right";"427M303"
"455";"112";"BusBar_Con_Down";"A";"pending";"170.08";"68.8";"1192.0";"871.0";"1L1.21";"92";"29";"= 427";"+ 400A";"press";"stop bar adjustment frame 9 - 16 left";"427M304"
"456";"112";"BusBar_Con_Down";"A";"pending";"192.76";"80.13";"1192.0";"871.0";"1L2.21";"92";"29";"= 427";"+ 400A";"press";"stop bar adjustment frame 9 - 16 left";"427M304"
"457";"112";"BusBar_Con_Down";"A";"pending";"215.43";"91.47";"1192.0";"871.0";"1L3.21";"92";"29";"= 427";"+ 400A";"press";"stop bar adjustment frame 9 - 16 left";"427M304"
"458";"112";"BusBar_Con_Down";"A";"pending";"260.79";"431.63";"1192.0";"871.0";"PE";"92";"29";"= 427";"+ 400A";"press";"stop bar adjustment frame 9 - 16 left";"427M304"
"459";"113";"BusBar_Con_Down";"A";"pending";"170.08";"68.8";"1192.0";"871.0";"1L1.21";"93";"29";"= 427";"+ 400A";"press";"stop bar adjustment frame 17 - 24 right";"427M305"
"460";"113";"BusBar_Con_Down";"A";"pending";"192.76";"80.13";"1192.0";"871.0";"1L2.21";"93";"29";"= 427";"+ 400A";"press";"stop bar adjustment frame 17 - 24 right";"427M305"
"461";"113";"BusBar_Con_Down";"A";"pending";"215.43";"91.47";"1192.0";"871.0";"1L3.21";"93";"29";"= 427";"+ 400A";"press";"stop bar adjustment frame 17 - 24 right";"427M305"
"462";"113";"BusBar_Con_Down";"A";"pending";"260.79";"431.63";"1192.0";"871.0";"PE";"93";"29";"= 427";"+ 400A";"press";"stop bar adjustment frame 17 - 24 right";"427M305"
"463";"114";"BusBar_Con_Down";"A";"pending";"170.08";"68.8";"1192.0";"871.0";"1L1.21";"94";"29";"= 427";"+ 400A";"press";"stop bar adjustment frame 17 - 24 left";"427M306"
"464";"114";"BusBar_Con_Down";"A";"pending";"192.76";"80.13";"1192.0";"871.0";"1L2.21";"94";"29";"= 427";"+ 400A";"press";"stop bar adjustment frame 17 - 24 left";"427M306"
"465";"114";"BusBar_Con_Down";"A";"pending";"215.43";"91.47";"1192.0";"871.0";"1L3.21";"94";"29";"= 427";"+ 400A";"press";"stop bar adjustment frame 17 - 24 left";"427M306"
"466";"114";"BusBar_Con_Down";"A";"pending";"260.79";"431.63";"1192.0";"871.0";"PE";"94";"29";"= 427";"+ 400A";"press";"stop bar adjustment frame 17 - 24 left";"427M306"
"467";"115";"BusBar_Con_Down";"A";"pending";"170.08";"68.8";"1192.0";"871.0";"1L1.21";"94a";"29";"= 427";"+ 400A";"press";"stop bar adjustment frame 25 - 33 right";"427M307"
"468";"115";"BusBar_Con_Down";"A";"pending";"192.76";"80.13";"1192.0";"871.0";"1L2.21";"94a";"29";"= 427";"+ 400A";"press";"stop bar adjustment frame 25 - 33 right";"427M307"
"469";"115";"BusBar_Con_Down";"A";"pending";"215.43";"91.47";"1192.0";"871.0";"1L3.21";"94a";"29";"= 427";"+ 400A";"press";"stop bar adjustment frame 25 - 33 right";"427M307"
"470";"115";"BusBar_Con_Down";"A";"pending";"260.79";"431.63";"1192.0";"871.0";"PE";"94a";"29";"= 427";"+ 400A";"press";"stop bar adjustment frame 25 - 33 right";"427M307"
"471";"116";"BusBar_Con_Down";"A";"pending";"170.08";"68.8";"1192.0";"871.0";"1L1.21";"94b";"29";"= 427";"+ 400A";"press";"stop bar adjustment frame 25 - 33 left";"427M308"
"472";"116";"BusBar_Con_Down";"A";"pending";"192.76";"80.13";"1192.0";"871.0";"1L2.21";"94b";"29";"= 427";"+ 400A";"press";"stop bar adjustment frame 25 - 33 left";"427M308"
"473";"116";"BusBar_Con_Down";"A";"pending";"215.43";"91.47";"1192.0";"871.0";"1L3.21";"94b";"29";"= 427";"+ 400A";"press";"stop bar adjustment frame 25 - 33 left";"427M308"
"474";"116";"BusBar_Con_Down";"A";"pending";"260.79";"431.63";"1192.0";"871.0";"PE";"94b";"29";"= 427";"+ 400A";"press";"stop bar adjustment frame 25 - 33 left";"427M308"
"475";"117";"BusBar_Con_Down";"A";"pending";"238.11";"476.98";"1192.0";"871.0";"PE";"100";"29";"= 427";"+ 400A";"press";"central hydraulic band control";"427M?"
"476";"118";"BusBar_Con_Down";"A";"pending";"170.08";"68.8";"1192.0";"871.0";"1L1.22";"95";"4";"= 442";"+ 400A";"trim saw";"right hand side in front
spare";"442M1"
"477";"118";"BusBar_Con_Down";"A";"pending";"192.76";"80.13";"1192.0";"871.0";"1L2.22";"95";"4";"= 442";"+ 400A";"trim saw";"right hand side in front
spare";"442M1"
"478";"118";"BusBar_Con_Down";"A";"pending";"215.43";"91.47";"1192.0";"871.0";"1L3.22";"95";"4";"= 442";"+ 400A";"trim saw";"right hand side in front
spare";"442M1"
"479";"118";"BusBar_Con_Down";"A";"pending";"374.17";"68.8";"1192.0";"871.0";"1L1.22";"95";"4";"= 442";"+ 400A";"trim saw";"right hand side in front
spare";"442M1"
"480";"118";"BusBar_Con_Down";"A";"pending";"419.53";"91.47";"1192.0";"871.0";"1L3.22";"95";"4";"= 442";"+ 400A";"trim saw";"right hand side in front
spare";"442M1"
"481";"118";"BusBar_Con_Down";"A";"pending";"238.11";"465.65";"1192.0";"871.0";"PE";"95";"4";"= 442";"+ 400A";"trim saw";"right hand side in front
spare";"442M1"
"482";"119";"BusBar_Con_Down";"A";"pending";"170.08";"68.8";"1192.0";"871.0";"1L1.23";"96";"4";"= 442";"+ 400A";"trim saw";"right hand side at rear
spare";"442M2"
"483";"119";"BusBar_Con_Down";"A";"pending";"192.76";"80.13";"1192.0";"871.0";"1L2.23";"96";"4";"= 442";"+ 400A";"trim saw";"right hand side at rear
spare";"442M2"
"484";"119";"BusBar_Con_Down";"A";"pending";"215.43";"91.47";"1192.0";"871.0";"1L3.23";"96";"4";"= 442";"+ 400A";"trim saw";"right hand side at rear
spare";"442M2"
"485";"119";"BusBar_Con_Down";"A";"pending";"374.17";"68.8";"1192.0";"871.0";"1L1.23";"96";"4";"= 442";"+ 400A";"trim saw";"right hand side at rear
spare";"442M2"
"486";"119";"BusBar_Con_Down";"A";"pending";"419.53";"91.47";"1192.0";"871.0";"1L3.23";"96";"4";"= 442";"+ 400A";"trim saw";"right hand side at rear
spare";"442M2"
"487";"119";"BusBar_Con_Down";"A";"pending";"238.11";"465.65";"1192.0";"871.0";"PE";"96";"4";"= 442";"+ 400A";"trim saw";"right hand side at rear
spare";"442M2"
"488";"120";"BusBar_Con_Down";"A";"pending";"170.08";"68.8";"1192.0";"871.0";"1L1.22";"97";"4";"= 442";"+ 400A";"trim saw";"left hand side in front
spare";"442M3"
"489";"120";"BusBar_Con_Down";"A";"pending";"192.76";"80.13";"1192.0";"871.0";"1L2.22";"97";"4";"= 442";"+ 400A";"trim saw";"left hand side in front
spare";"442M3"
"490";"120";"BusBar_Con_Down";"A";"pending";"215.43";"91.47";"1192.0";"871.0";"1L3.22";"97";"4";"= 442";"+ 400A";"trim saw";"left hand side in front
spare";"442M3"
"491";"120";"BusBar_Con_Down";"A";"pending";"374.17";"68.8";"1192.0";"871.0";"1L1.22";"97";"4";"= 442";"+ 400A";"trim saw";"left hand side in front
spare";"442M3"
"492";"120";"BusBar_Con_Down";"A";"pending";"419.53";"91.47";"1192.0";"871.0";"1L3.22";"97";"4";"= 442";"+ 400A";"trim saw";"left hand side in front
spare";"442M3"
"493";"120";"BusBar_Con_Down";"A";"pending";"238.11";"465.65";"1192.0";"871.0";"PE";"97";"4";"= 442";"+ 400A";"trim saw";"left hand side in front
spare";"442M3"
"494";"121";"BusBar_Con_Down";"A";"pending";"170.08";"68.8";"1192.0";"871.0";"1L1.23";"98";"4";"= 442";"+ 400A";"trim saw";"left hand side at rear
spare";"442M4"
"495";"121";"BusBar_Con_Down";"A";"pending";"192.76";"80.13";"1192.0";"871.0";"1L2.23";"98";"4";"= 442";"+ 400A";"trim saw";"left hand side at rear
spare";"442M4"
"496";"121";"BusBar_Con_Down";"A";"pending";"215.43";"91.47";"1192.0";"871.0";"1L3.23";"98";"4";"= 442";"+ 400A";"trim saw";"left hand side at rear
spare";"442M4"
"497";"121";"BusBar_Con_Down";"A";"pending";"374.17";"68.8";"1192.0";"871.0";"1L1.23";"98";"4";"= 442";"+ 400A";"trim saw";"left hand side at rear
spare";"442M4"
"498";"121";"BusBar_Con_Down";"A";"pending";"419.53";"91.47";"1192.0";"871.0";"1L3.23";"98";"4";"= 442";"+ 400A";"trim saw";"left hand side at rear
spare";"442M4"
"499";"121";"BusBar_Con_Down";"A";"pending";"238.11";"465.65";"1192.0";"871.0";"PE";"98";"4";"= 442";"+ 400A";"trim saw";"left hand side at rear
spare";"442M4"
"500";"122";"BusBar_Con_Down";"A";"pending";"170.08";"68.8";"1192.0";"871.0";"1L1.21";"99";"1";"= 447";"+ 400A";"";"roller conveyor
spare";"447M1"
"501";"122";"BusBar_Con_Down";"A";"pending";"192.76";"80.13";"1192.0";"871.0";"1L2.21";"99";"1";"= 447";"+ 400A";"";"roller conveyor
spare";"447M1"
"502";"122";"BusBar_Con_Down";"A";"pending";"215.43";"91.47";"1192.0";"871.0";"1L3.21";"99";"1";"= 447";"+ 400A";"";"roller conveyor
spare";"447M1"
"503";"122";"BusBar_Con_Down";"A";"pending";"260.79";"556.35";"1192.0";"871.0";"PE";"99";"1";"= 447";"+ 400A";"";"roller conveyor
spare";"447M1"
"504";"122";"BusBar_Con_Down";"A";"pending";"510.24";"556.35";"1192.0";"871.0";"PE";"99";"1";"= 447";"+ 400A";"";"roller conveyor
spare";"447M1"
"505";"122";"BusBar_Con_Down";"A";"pending";"668.98";"556.35";"1192.0";"871.0";"PE";"99";"1";"= 447";"+ 400A";"";"roller conveyor
spare";"447M1"
"506";"123";"BusBar_Con_Down";"A";"pending";"170.08";"68.8";"1192.0";"871.0";"1L1.21";"100";"1";"= 448";"+ 400A";"";"roller conveyor
spare";"448M1"
"507";"123";"BusBar_Con_Down";"A";"pending";"192.76";"80.13";"1192.0";"871.0";"1L2.21";"100";"1";"= 448";"+ 400A";"";"roller conveyor
spare";"448M1"
"508";"123";"BusBar_Con_Down";"A";"pending";"215.43";"91.47";"1192.0";"871.0";"1L3.21";"100";"1";"= 448";"+ 400A";"";"roller conveyor
spare";"448M1"
"509";"123";"BusBar_Con_Down";"A";"pending";"260.79";"556.35";"1192.0";"871.0";"PE";"100";"1";"= 448";"+ 400A";"";"roller conveyor
spare";"448M1"
"510";"123";"BusBar_Con_Down";"A";"pending";"510.24";"556.35";"1192.0";"871.0";"PE";"100";"1";"= 448";"+ 400A";"";"roller conveyor
spare";"448M1"
"511";"123";"BusBar_Con_Down";"A";"pending";"668.98";"556.35";"1192.0";"871.0";"PE";"100";"1";"= 448";"+ 400A";"";"roller conveyor
spare";"448M1"
"512";"124";"BusBar_Con_Down";"A";"pending";"317.48";"511.0";"1192.0";"871.0";"PE";"3";"21";"= 414";"+ 400H10";"forming machine C";"illumination & sockets";""
"513";"125";"BusBar_Con_Down";"A";"pending";"748.35";"442.97";"1192.0";"871.0";"PE";"4";"21";"= 414";"+ 400H10";"";"power supply";""
"514";"125";"BusBar_Con_Down";"A";"pending";"1088.5";"442.97";"1192.0";"871.0";"PE";"4";"21";"= 414";"+ 400H10";"";"power supply";""
"515";"126";"BusBar_Con_Down";"A";"pending";"170.08";"68.8";"1192.0";"871.0";"11.1L1";"98";"21";"= 414";"+ 400H10";"forming machine C";"transport belt to matformer C";"414M01"
"516";"126";"BusBar_Con_Down";"A";"pending";"192.76";"80.13";"1192.0";"871.0";"11.1L2";"98";"21";"= 414";"+ 400H10";"forming machine C";"transport belt to matformer C";"414M01"
"517";"126";"BusBar_Con_Down";"A";"pending";"215.43";"91.47";"1192.0";"871.0";"11.1L3";"98";"21";"= 414";"+ 400H10";"forming machine C";"transport belt to matformer C";"414M01"
"518";"127";"BusBar_Con_Down";"A";"pending";"170.08";"68.8";"1192.0";"871.0";"11.1L1";"99";"21";"= 414";"+ 400H10";"forming machine C";"transport belt ??";"414M02"
"519";"127";"BusBar_Con_Down";"A";"pending";"192.76";"80.13";"1192.0";"871.0";"11.1L2";"99";"21";"= 414";"+ 400H10";"forming machine C";"transport belt ??";"414M02"
"520";"127";"BusBar_Con_Down";"A";"pending";"215.43";"91.47";"1192.0";"871.0";"11.1L3";"99";"21";"= 414";"+ 400H10";"forming machine C";"transport belt ??";"414M02"
"521";"128";"BusBar_Con_Down";"A";"pending";"170.08";"68.8";"1192.0";"871.0";"11.1L1";"100";"21";"= 414";"+ 400H10";"forming machine C";"pinned roll";"414M3"
"522";"128";"BusBar_Con_Down";"A";"pending";"192.76";"80.13";"1192.0";"871.0";"11.1L2";"100";"21";"= 414";"+ 400H10";"forming machine C";"pinned roll";"414M3"
"523";"128";"BusBar_Con_Down";"A";"pending";"215.43";"91.47";"1192.0";"871.0";"11.1L3";"100";"21";"= 414";"+ 400H10";"forming machine C";"pinned roll";"414M3"
"524";"130";"BusBar_Con_Down";"A";"pending";"170.08";"68.8";"1192.0";"871.0";"11.1L1";"103";"21";"= 414";"+ 400H10";"forming machine C";"cage type roller conveyor";"414M5, 414M6"
"525";"130";"BusBar_Con_Down";"A";"pending";"192.76";"80.13";"1192.0";"871.0";"11.1L2";"103";"21";"= 414";"+ 400H10";"forming machine C";"cage type roller conveyor";"414M5, 414M6"
"526";"130";"BusBar_Con_Down";"A";"pending";"215.43";"91.47";"1192.0";"871.0";"11.1L3";"103";"21";"= 414";"+ 400H10";"forming machine C";"cage type roller conveyor";"414M5, 414M6"
"527";"132";"BusBar_Con_Down";"A";"pending";"170.08";"68.8";"1192.0";"871.0";"11.1L1";"106";"21";"= 414";"+ 400H10";"forming machine C";"cage type roller conveyor";"414M7, 414M8"
"528";"132";"BusBar_Con_Down";"A";"pending";"192.76";"80.13";"1192.0";"871.0";"11.1L2";"106";"21";"= 414";"+ 400H10";"forming machine C";"cage type roller conveyor";"414M7, 414M8"
"529";"132";"BusBar_Con_Down";"A";"pending";"215.43";"91.47";"1192.0";"871.0";"11.1L3";"106";"21";"= 414";"+ 400H10";"forming machine C";"cage type roller conveyor";"414M7, 414M8"
"530";"134";"BusBar_Con_Down";"A";"pending";"170.08";"68.8";"1192.0";"871.0";"11.1L1";"109";"21";"= 414";"+ 400H10";"forming machine C";"dosing belt cleaning brush";"414M10"
"531";"134";"BusBar_Con_Down";"A";"pending";"192.76";"80.13";"1192.0";"871.0";"11.1L2";"109";"21";"= 414";"+ 400H10";"forming machine C";"dosing belt cleaning brush";"414M10"
"532";"134";"BusBar_Con_Down";"A";"pending";"215.43";"91.47";"1192.0";"871.0";"11.1L3";"109";"21";"= 414";"+ 400H10";"forming machine C";"dosing belt cleaning brush";"414M10"
"533";"135";"BusBar_Con_Down";"A";"pending";"170.08";"68.8";"1192.0";"871.0";"11.1L1";"110";"21";"= 414";"+ 400H10";"forming machine C";"rotary combs";"414M11"
"534";"135";"BusBar_Con_Down";"A";"pending";"192.76";"80.13";"1192.0";"871.0";"11.1L2";"110";"21";"= 414";"+ 400H10";"forming machine C";"rotary combs";"414M11"
"535";"135";"BusBar_Con_Down";"A";"pending";"215.43";"91.47";"1192.0";"871.0";"11.1L3";"110";"21";"= 414";"+ 400H10";"forming machine C";"rotary combs";"414M11"
"536";"136";"BusBar_Con_Down";"A";"pending";"170.08";"68.8";"1192.0";"871.0";"11.1L1";"111";"21";"= 414";"+ 400H10";"forming machine C";"pinned roll";"414M13"
"537";"136";"BusBar_Con_Down";"A";"pending";"192.76";"80.13";"1192.0";"871.0";"11.1L2";"111";"21";"= 414";"+ 400H10";"forming machine C";"pinned roll";"414M13"
"538";"136";"BusBar_Con_Down";"A";"pending";"215.43";"91.47";"1192.0";"871.0";"11.1L3";"111";"21";"= 414";"+ 400H10";"forming machine C";"pinned roll";"414M13"
"539";"137";"BusBar_Con_Down";"A";"pending";"170.08";"68.8";"1192.0";"871.0";"11.1L1";"112";"21";"= 414";"+ 400H10";"forming machine C";"distribution belt left";"414M15"
"540";"137";"BusBar_Con_Down";"A";"pending";"192.76";"80.13";"1192.0";"871.0";"11.1L2";"112";"21";"= 414";"+ 400H10";"forming machine C";"distribution belt left";"414M15"
"541";"137";"BusBar_Con_Down";"A";"pending";"215.43";"91.47";"1192.0";"871.0";"11.1L3";"112";"21";"= 414";"+ 400H10";"forming machine C";"distribution belt left";"414M15"
"542";"138";"BusBar_Con_Down";"A";"pending";"170.08";"68.8";"1192.0";"871.0";"11.1L1";"113";"21";"= 414";"+ 400H10";"forming machine C";"distribution belt right";"414M16"
"543";"138";"BusBar_Con_Down";"A";"pending";"192.76";"80.13";"1192.0";"871.0";"11.1L2";"113";"21";"= 414";"+ 400H10";"forming machine C";"distribution belt right";"414M16"
"544";"138";"BusBar_Con_Down";"A";"pending";"215.43";"91.47";"1192.0";"871.0";"11.1L3";"113";"21";"= 414";"+ 400H10";"forming machine C";"distribution belt right";"414M16"
"545";"139";"BusBar_Con_Down";"A";"pending";"170.08";"68.8";"1192.0";"871.0";"11.1L1";"114";"21";"= 414";"+ 400H10";"forming machine C";"transverse belt";"414M17"
"546";"139";"BusBar_Con_Down";"A";"pending";"192.76";"80.13";"1192.0";"871.0";"11.1L2";"114";"21";"= 414";"+ 400H10";"forming machine C";"transverse belt";"414M17"
"547";"139";"BusBar_Con_Down";"A";"pending";"215.43";"91.47";"1192.0";"871.0";"11.1L3";"114";"21";"= 414";"+ 400H10";"forming machine C";"transverse belt";"414M17"
"548";"141";"BusBar_Con_Down";"A";"pending";"170.08";"68.8";"1192.0";"871.0";"11.1L1";"116";"21";"= 414";"+ 400H10";"forming machine C";"fast disks rolls";"414M20"
"549";"141";"BusBar_Con_Down";"A";"pending";"192.76";"80.13";"1192.0";"871.0";"11.1L2";"116";"21";"= 414";"+ 400H10";"forming machine C";"fast disks rolls";"414M20"
"550";"141";"BusBar_Con_Down";"A";"pending";"215.43";"91.47";"1192.0";"871.0";"11.1L3";"116";"21";"= 414";"+ 400H10";"forming machine C";"fast disks rolls";"414M20"
"551";"142";"BusBar_Con_Down";"A";"pending";"170.08";"68.8";"1192.0";"871.0";"11.1L1";"117";"21";"= 414";"+ 400H10";"forming machine C";"slow disks rolls";"414M21"
"552";"142";"BusBar_Con_Down";"A";"pending";"192.76";"80.13";"1192.0";"871.0";"11.1L2";"117";"21";"= 414";"+ 400H10";"forming machine C";"slow disks rolls";"414M21"
"553";"142";"BusBar_Con_Down";"A";"pending";"215.43";"91.47";"1192.0";"871.0";"11.1L3";"117";"21";"= 414";"+ 400H10";"forming machine C";"slow disks rolls";"414M21"
"554";"143";"BusBar_Con_Down";"A";"pending";"170.08";"68.8";"1192.0";"871.0";"11.1L1";"118";"21";"= 414";"+ 400H10";"forming machine C";"transport belt";"422M11"
"555";"143";"BusBar_Con_Down";"A";"pending";"192.76";"80.13";"1192.0";"871.0";"11.1L2";"118";"21";"= 414";"+ 400H10";"forming machine C";"transport belt";"422M11"
"556";"143";"BusBar_Con_Down";"A";"pending";"215.43";"91.47";"1192.0";"871.0";"11.1L3";"118";"21";"= 414";"+ 400H10";"forming machine C";"transport belt";"422M11"
"557";"144";"BusBar_Con_Down";"A";"pending";"170.08";"68.8";"1192.0";"871.0";"11.1L1";"119";"21";"= 414";"+ 400H10";"forming machine C";"transport belt cleaning brush";"414M26"
"558";"144";"BusBar_Con_Down";"A";"pending";"192.76";"80.13";"1192.0";"871.0";"11.1L2";"119";"21";"= 414";"+ 400H10";"forming machine C";"transport belt cleaning brush";"414M26"
"559";"144";"BusBar_Con_Down";"A";"pending";"215.43";"91.47";"1192.0";"871.0";"11.1L3";"119";"21";"= 414";"+ 400H10";"forming machine C";"transport belt cleaning brush";"414M26"
"560";"145";"BusBar_Con_Down";"A";"pending";"272.13";"601.71";"1192.0";"871.0";"PEN";"763";"2";"= 763";"+ ???";"";"band spraying infeed";""
"561";"146";"BusBar_Con_Down";"A";"pending";"204.09";"601.71";"1192.0";"871.0";"PEN";"764";"2";"= 763";"+ ???";"";"band spraying infeed";""
