"ID";"PagePDF";"Template_Name";"Variant";"Status";"Pos_X";"Pos_Y";"Page_W";"Page_H";"Page";"Sheets";"=";"+";"txt_1";"txt_2";"txt_3";"pg_S1_Page";"pg_S1_Sheets";"pg_S1_=";"pg_S1_+";"pg_S1_txt_1";"pg_S1_txt_2";"pg_S1_txt_3"
"1";"1";"pg_S1";"variant_0";"approved";"1190.55";"871.0";"1192.0";"871.0";"1";"18";"= OVERVIEW";"+";"sanding line";"base sheet";"";"1";"18";"= OVERVIEW";"+";"sanding line";"base sheet";""
"2";"2";"pg_S1";"variant_0";"approved";"1190.55";"871.0";"1192.0";"871.0";"3";"18";"= OVERVIEW";"+";"";"core colour code reference table";"";"3";"18";"= OVERVIEW";"+";"";"core colour code reference table";""
"3";"3";"pg_S1";"variant_0";"approved";"1190.55";"871.0";"1192.0";"871.0";"0";"8";"= 400";"+ TRAFO";"";"magnet control";"";"0";"8";"= 400";"+ TRAFO";"";"magnet control";""
"4";"4";"pg_S1";"variant_0";"approved";"1190.55";"871.0";"1192.0";"871.0";"1";"8";"= 400";"+ 400A";"";"infeed group 400A";"";"1";"8";"= 400";"+ 400A";"";"infeed group 400A";""
"5";"5";"pg_S1";"variant_0";"approved";"1190.55";"871.0";"1192.0";"871.0";"1b";"8";"= 400";"+ 400A";"";"emergency stop 400A";"";"1b";"8";"= 400";"+ 400A";"";"emergency stop 400A";""
"6";"6";"pg_S1";"variant_0";"approved";"1190.55";"871.0";"1192.0";"871.0";"2";"8";"= 400";"+ 400A";"";"infeed group 400A";"";"2";"8";"= 400";"+ 400A";"";"infeed group 400A";""
"7";"7";"pg_S1";"variant_0";"approved";"1190.55";"871.0";"1192.0";"871.0";"3";"8";"= 400";"+ 400A";"";"infeed group 400A";"";"3";"8";"= 400";"+ 400A";"";"infeed group 400A";""
"8";"8";"pg_S1";"variant_0";"approved";"1190.55";"871.0";"1192.0";"871.0";"4";"8";"= 400";"+ 400A";"";"control voltage 220V~ brakes";"";"4";"8";"= 400";"+ 400A";"";"control voltage 220V~ brakes";""
"9";"9";"pg_S1";"variant_0";"approved";"1190.55";"871.0";"1192.0";"871.0";"4a";"8";"= 400";"+ 400A";"";"infeed group 400A";"";"4a";"8";"= 400";"+ 400A";"";"infeed group 400A";""
"10";"10";"pg_S1";"variant_0";"approved";"1190.55";"871.0";"1192.0";"871.0";"4b";"8";"= 400";"+ 400A";"";"infeed group 400A";"";"4b";"8";"= 400";"+ 400A";"";"infeed group 400A";""
"11";"11";"pg_S1";"variant_0";"approved";"1190.55";"871.0";"1192.0";"871.0";"5";"23";"= 411";"+ 400A";"forming machine A";"left fan";"411M0";"5";"23";"= 411";"+ 400A";"forming machine A";"left fan";"411M0"
"12";"12";"pg_S1";"variant_0";"approved";"1190.55";"871.0";"1192.0";"871.0";"6";"23";"= 411";"+ 400A";"forming machine A";"right fan";"411M1";"6";"23";"= 411";"+ 400A";"forming machine A";"right fan";"411M1"
"13";"13";"pg_S1";"variant_0";"approved";"1190.55";"871.0";"1192.0";"871.0";"7";"23";"= 411";"+ 400A";"forming machine A";"dosing belt cleaning brush";"411M10";"7";"23";"= 411";"+ 400A";"forming machine A";"dosing belt cleaning brush";"411M10"
"14";"14";"pg_S1";"variant_0";"approved";"1190.55";"871.0";"1192.0";"871.0";"8";"23";"= 411";"+ 400A";"forming machine A";"rotary combs";"411M11";"8";"23";"= 411";"+ 400A";"forming machine A";"rotary combs";"411M11"
"15";"15";"pg_S1";"variant_0";"approved";"1190.55";"871.0";"1192.0";"871.0";"9";"23";"= 411";"+ 400A";"forming machine A";"pinned roll";"411M13";"9";"23";"= 411";"+ 400A";"forming machine A";"pinned roll";"411M13"
"16";"16";"pg_S1";"variant_0";"approved";"1190.55";"871.0";"1192.0";"871.0";"10";"23";"= 411";"+ 400A";"forming machine A";"oscillating flap";"411M14";"10";"23";"= 411";"+ 400A";"forming machine A";"oscillating flap";"411M14"
"17";"17";"pg_S1";"variant_0";"approved";"1190.55";"871.0";"1192.0";"871.0";"11";"23";"= 411";"+ 400A";"forming machine A";"distrbution belt left";"411M15";"11";"23";"= 411";"+ 400A";"forming machine A";"distrbution belt left";"411M15"
"18";"18";"pg_S1";"variant_0";"approved";"1190.55";"871.0";"1192.0";"871.0";"12";"23";"= 411";"+ 400A";"forming machine A";"distrbution belt right";"411M16";"12";"23";"= 411";"+ 400A";"forming machine A";"distrbution belt right";"411M16"
"19";"19";"pg_S1";"variant_0";"approved";"1190.55";"871.0";"1192.0";"871.0";"13";"23";"= 411";"+ 400A";"forming machine A";"transverse belt";"411M17";"13";"23";"= 411";"+ 400A";"forming machine A";"transverse belt";"411M17"
"20";"20";"pg_S1";"variant_0";"approved";"1190.55";"871.0";"1192.0";"871.0";"13a";"23";"= 411";"+ 400A";"forming machine A";"transverse belt";"411M17";"13a";"23";"= 411";"+ 400A";"forming machine A";"transverse belt";"411M17"
"21";"21";"pg_S1";"variant_0";"approved";"1190.55";"871.0";"1192.0";"871.0";"14";"23";"= 411";"+ 400A";"forming machine A";"2nd & 3rd screen vibrator";"411M18, 411M19";"14";"23";"= 411";"+ 400A";"forming machine A";"2nd & 3rd screen vibrator";"411M18, 411M19"
"22";"22";"pg_S1";"variant_0";"approved";"1190.55";"871.0";"1192.0";"871.0";"15";"23";"= 411";"+ 400A";"forming machine A";"pinned roll";"411M20";"15";"23";"= 411";"+ 400A";"forming machine A";"pinned roll";"411M20"
"23";"23";"pg_S1";"variant_0";"approved";"1190.55";"871.0";"1192.0";"871.0";"16";"23";"= 411";"+ 400A";"forming machine A";"slow disk rolls";"411M21";"16";"23";"= 411";"+ 400A";"forming machine A";"slow disk rolls";"411M21"
"24";"24";"pg_S1";"variant_0";"pending";"1190.55";"871.0";"1192.0";"871.0";"17";"23";"= 411";"+ 400A";"forming machine A";"disk screen transport belt";"411M22";"17";"23";"= 411";"+ 400A";"forming machine A";"disk screen transport belt";"411M22"
"25";"25";"pg_S1";"variant_0";"pending";"1190.55";"871.0";"1192.0";"871.0";"18";"23";"= 411";"+ 400A";"forming machine A";"left longitudinal screw conveyor";"411M23";"18";"23";"= 411";"+ 400A";"forming machine A";"left longitudinal screw conveyor";"411M23"
"26";"26";"pg_S1";"variant_0";"pending";"1190.55";"871.0";"1192.0";"871.0";"19";"23";"= 411";"+ 400A";"forming machine A";"right longitudinal screw conveyor";"411M24";"19";"23";"= 411";"+ 400A";"forming machine A";"right longitudinal screw conveyor";"411M24"
"27";"27";"pg_S1";"variant_0";"pending";"1190.55";"871.0";"1192.0";"871.0";"20";"23";"= 411";"+ 400A";"forming machine A";"cleaning brush transport belt";"411M26";"20";"23";"= 411";"+ 400A";"forming machine A";"cleaning brush transport belt";"411M26"
"28";"28";"pg_S1";"variant_0";"pending";"1190.55";"871.0";"1192.0";"871.0";"22";"23";"= 411";"+ 400A";"forming machine A";"transversal screw conveyor";"411M30";"22";"23";"= 411";"+ 400A";"forming machine A";"transversal screw conveyor";"411M30"
"29";"29";"pg_S1";"variant_0";"pending";"1190.55";"871.0";"1192.0";"871.0";"23";"23";"= 411";"+ 400A";"forming machine A";"injection screw";"411M31";"23";"23";"= 411";"+ 400A";"forming machine A";"injection screw";"411M31"
"30";"30";"pg_S1";"variant_0";"pending";"1190.55";"871.0";"1192.0";"871.0";"24";"23";"= 411";"+ 400A";"forming machine A";"recycling conveyor";"411M32";"24";"23";"= 411";"+ 400A";"forming machine A";"recycling conveyor";"411M32"
"31";"31";"pg_S1";"variant_0";"pending";"1190.55";"871.0";"1192.0";"871.0";"24a";"23";"= 411";"+ 400A";"forming machine A";"screw ???";"411M33";"24a";"23";"= 411";"+ 400A";"forming machine A";"screw ???";"411M33"
"32";"32";"pg_S1";"variant_0";"pending";"1190.55";"871.0";"1192.0";"871.0";"24b";"23";"= 411";"+ 400A";"forming machine A";"vibrator outside";"411M34";"24b";"23";"= 411";"+ 400A";"forming machine A";"vibrator outside";"411M34"
"33";"33";"pg_S1";"variant_0";"pending";"1190.55";"871.0";"1192.0";"871.0";"25";"17";"= 413";"+ 400A";"forming machine B";"dosing belt cleaning brush";"413M10";"25";"17";"= 413";"+ 400A";"forming machine B";"dosing belt cleaning brush";"413M10"
"34";"34";"pg_S1";"variant_0";"pending";"1190.55";"871.0";"1192.0";"871.0";"26";"17";"= 413";"+ 400A";"forming machine B";"rotary combs";"413M11";"26";"17";"= 413";"+ 400A";"forming machine B";"rotary combs";"413M11"
"35";"35";"pg_S1";"variant_0";"pending";"1190.55";"871.0";"1192.0";"871.0";"27";"17";"= 413";"+ 400A";"forming machine B";"pinned roll";"413M13";"27";"17";"= 413";"+ 400A";"forming machine B";"pinned roll";"413M13"
"36";"36";"pg_S1";"variant_0";"pending";"1190.55";"871.0";"1192.0";"871.0";"28";"17";"= 413";"+ 400A";"forming machine B";"distrbution belt left";"413M15";"28";"17";"= 413";"+ 400A";"forming machine B";"distrbution belt left";"413M15"
"37";"37";"pg_S1";"variant_0";"pending";"1190.55";"871.0";"1192.0";"871.0";"29";"17";"= 413";"+ 400A";"forming machine B";"distrbution belt right";"413M16";"29";"17";"= 413";"+ 400A";"forming machine B";"distrbution belt right";"413M16"
"38";"38";"pg_S1";"variant_0";"pending";"1190.55";"871.0";"1192.0";"871.0";"30";"17";"= 413";"+ 400A";"forming machine B";"transverse belt";"413M17";"30";"17";"= 413";"+ 400A";"forming machine B";"transverse belt";"413M17"
"39";"39";"pg_S1";"variant_0";"pending";"1190.55";"871.0";"1192.0";"871.0";"30a";"17";"= 413";"+ 400A";"forming machine B";"transverse belt";"413M17";"30a";"17";"= 413";"+ 400A";"forming machine B";"transverse belt";"413M17"
"40";"40";"pg_S1";"variant_0";"pending";"1190.55";"871.0";"1192.0";"871.0";"31";"17";"= 413";"+ 400A";"forming machine B";"fast disk rolls";"413M20";"31";"17";"= 413";"+ 400A";"forming machine B";"fast disk rolls";"413M20"
"41";"41";"pg_S1";"variant_0";"pending";"1190.55";"871.0";"1192.0";"871.0";"32";"17";"= 413";"+ 400A";"forming machine B";"slow disk rolls";"413M21";"32";"17";"= 413";"+ 400A";"forming machine B";"slow disk rolls";"413M21"
"42";"42";"pg_S1";"variant_0";"pending";"1190.55";"871.0";"1192.0";"871.0";"33";"17";"= 413";"+ 400A";"forming machine B";"transport belt";"413M22";"33";"17";"= 413";"+ 400A";"forming machine B";"transport belt";"413M22"
"43";"43";"pg_S1";"variant_0";"pending";"1190.55";"871.0";"1192.0";"871.0";"34";"17";"= 413";"+ 400A";"forming machine B";"left longitudinal screw conveyor";"413M23";"34";"17";"= 413";"+ 400A";"forming machine B";"left longitudinal screw conveyor";"413M23"
"44";"44";"pg_S1";"variant_0";"pending";"1190.55";"871.0";"1192.0";"871.0";"35";"17";"= 413";"+ 400A";"forming machine B";"right longitudinal screw conveyor";"413M24";"35";"17";"= 413";"+ 400A";"forming machine B";"right longitudinal screw conveyor";"413M24"
"45";"45";"pg_S1";"variant_0";"pending";"1190.55";"871.0";"1192.0";"871.0";"36";"17";"= 413";"+ 400A";"forming machine B";"cleaning brush transport belt";"413M26";"36";"17";"= 413";"+ 400A";"forming machine B";"cleaning brush transport belt";"413M26"
"46";"46";"pg_S1";"variant_0";"pending";"1190.55";"871.0";"1192.0";"871.0";"38";"17";"= 413";"+ 400A";"forming machine B";"transversal screw conveyor belt";"413M30";"38";"17";"= 413";"+ 400A";"forming machine B";"transversal screw conveyor belt";"413M30"
"47";"47";"pg_S1";"variant_0";"pending";"1190.55";"871.0";"1192.0";"871.0";"39";"17";"= 413";"+ 400A";"forming machine B";"injection screw";"413M31";"39";"17";"= 413";"+ 400A";"forming machine B";"injection screw";"413M31"
"48";"48";"pg_S1";"variant_0";"pending";"1190.55";"871.0";"1192.0";"871.0";"40";"17";"= 413";"+ 400A";"forming machine B";"recycling conveyor";"413M32";"40";"17";"= 413";"+ 400A";"forming machine B";"recycling conveyor";"413M32"
"49";"49";"pg_S1";"variant_0";"pending";"1190.55";"871.0";"1192.0";"871.0";"41";"3";"= 416";"+ 400A";"equelizing rolls";"height adjustment";"416M3";"41";"3";"= 416";"+ 400A";"equelizing rolls";"height adjustment";"416M3"
"50";"50";"pg_S1";"variant_0";"pending";"1190.55";"871.0";"1192.0";"871.0";"42";"3";"= 416";"+ 400A";"";"width adjustment side traverse rolls";"416M6";"42";"3";"= 416";"+ 400A";"";"width adjustment side traverse rolls";"416M6"
"51";"51";"pg_S1";"variant_0";"pending";"1190.55";"871.0";"1192.0";"871.0";"43";"3";"= 416";"+ 400A";"";"width adjustment equalizing rolls";"416M25";"43";"3";"= 416";"+ 400A";"";"width adjustment equalizing rolls";"416M25"
"52";"52";"pg_S1";"variant_0";"pending";"1190.55";"871.0";"1192.0";"871.0";"44";"26";"= 418";"+ 400A";"forming machine D";"left fan";"418M0";"44";"26";"= 418";"+ 400A";"forming machine D";"left fan";"418M0"
"53";"53";"pg_S1";"variant_0";"pending";"1190.55";"871.0";"1192.0";"871.0";"45";"26";"= 418";"+ 400A";"forming machine D";"right fan";"418M1";"45";"26";"= 418";"+ 400A";"forming machine D";"right fan";"418M1"
"54";"54";"pg_S1";"variant_0";"pending";"1190.55";"871.0";"1192.0";"871.0";"46";"26";"= 418";"+ 400A";"forming machine D";"dosing belt cleaning brush";"418M10";"46";"26";"= 418";"+ 400A";"forming machine D";"dosing belt cleaning brush";"418M10"
"55";"55";"pg_S1";"variant_0";"pending";"1190.55";"871.0";"1192.0";"871.0";"47";"26";"= 418";"+ 400A";"forming machine D";"rotary combs";"418M11";"47";"26";"= 418";"+ 400A";"forming machine D";"rotary combs";"418M11"
"56";"56";"pg_S1";"variant_0";"pending";"1190.55";"871.0";"1192.0";"871.0";"48";"26";"= 418";"+ 400A";"forming machine D";"pinned roll";"418M13";"48";"26";"= 418";"+ 400A";"forming machine D";"pinned roll";"418M13"
"57";"57";"pg_S1";"variant_0";"pending";"1190.55";"871.0";"1192.0";"871.0";"49";"26";"= 418";"+ 400A";"forming machine D";"oscillating flap";"418M14";"49";"26";"= 418";"+ 400A";"forming machine D";"oscillating flap";"418M14"
"58";"58";"pg_S1";"variant_0";"pending";"1190.55";"871.0";"1192.0";"871.0";"50";"26";"= 418";"+ 400A";"forming machine D";"distrbution belt left";"418M15";"50";"26";"= 418";"+ 400A";"forming machine D";"distrbution belt left";"418M15"
"59";"59";"pg_S1";"variant_0";"pending";"1190.55";"871.0";"1192.0";"871.0";"51";"26";"= 418";"+ 400A";"forming machine D";"distrbution belt right";"418M16";"51";"26";"= 418";"+ 400A";"forming machine D";"distrbution belt right";"418M16"
"60";"60";"pg_S1";"variant_0";"pending";"1190.55";"871.0";"1192.0";"871.0";"52";"26";"= 418";"+ 400A";"forming machine D";"transverse belt";"418M17";"52";"26";"= 418";"+ 400A";"forming machine D";"transverse belt";"418M17"
"61";"61";"pg_S1";"variant_0";"pending";"1190.55";"871.0";"1192.0";"871.0";"52a";"26";"= 418";"+ 400A";"forming machine D";"transverse belt";"418M17";"52a";"26";"= 418";"+ 400A";"forming machine D";"transverse belt";"418M17"
"62";"62";"pg_S1";"variant_0";"pending";"1190.55";"871.0";"1192.0";"871.0";"53";"26";"= 418";"+ 400A";"forming machine D";"2nd & 3rd screen vibrator";"418M18, 418M19";"53";"26";"= 418";"+ 400A";"forming machine D";"2nd & 3rd screen vibrator";"418M18, 418M19"
"63";"63";"pg_S1";"variant_0";"pending";"1190.55";"871.0";"1192.0";"871.0";"54";"26";"= 418";"+ 400A";"forming machine D";"fast disk rolls";"418M20";"54";"26";"= 418";"+ 400A";"forming machine D";"fast disk rolls";"418M20"
"64";"64";"pg_S1";"variant_0";"pending";"1190.55";"871.0";"1192.0";"871.0";"55";"26";"= 418";"+ 400A";"forming machine D";"slow disk rolls";"418M21";"55";"26";"= 418";"+ 400A";"forming machine D";"slow disk rolls";"418M21"
"65";"65";"pg_S1";"variant_0";"pending";"1190.55";"871.0";"1192.0";"871.0";"56";"26";"= 418";"+ 400A";"forming machine D";"transport belt";"418M22";"56";"26";"= 418";"+ 400A";"forming machine D";"transport belt";"418M22"
"66";"66";"pg_S1";"variant_0";"pending";"1190.55";"871.0";"1192.0";"871.0";"57";"26";"= 418";"+ 400A";"forming machine D";"left longitudinal screw conveyor";"418M23";"57";"26";"= 418";"+ 400A";"forming machine D";"left longitudinal screw conveyor";"418M23"
"67";"67";"pg_S1";"variant_0";"pending";"1190.55";"871.0";"1192.0";"871.0";"58";"26";"= 418";"+ 400A";"forming machine D";"right longitudinal screw conveyor";"418M24";"58";"26";"= 418";"+ 400A";"forming machine D";"right longitudinal screw conveyor";"418M24"
"68";"68";"pg_S1";"variant_0";"pending";"1190.55";"871.0";"1192.0";"871.0";"59";"26";"= 418";"+ 400A";"forming machine D";"cleaning brush transport belt";"418M26";"59";"26";"= 418";"+ 400A";"forming machine D";"cleaning brush transport belt";"418M26"
"69";"69";"pg_S1";"variant_0";"pending";"1190.55";"871.0";"1192.0";"871.0";"59a";"26";"= 418";"+ 400A";"";"TEXPAN filter fan";"418M4";"59a";"26";"= 418";"+ 400A";"";"TEXPAN filter fan";"418M4"
"70";"70";"pg_S1";"variant_0";"pending";"1190.55";"871.0";"1192.0";"871.0";"59b";"26";"= 418";"+ 400A";"";"TEXPAN filter fan";"418M4";"59b";"26";"= 418";"+ 400A";"";"TEXPAN filter fan";"418M4"
"71";"71";"pg_S1";"variant_0";"pending";"1190.55";"871.0";"1192.0";"871.0";"59c";"26";"= 418";"+ 400A";"";"TEXPAN filter rotary valve";"418M2";"59c";"26";"= 418";"+ 400A";"";"TEXPAN filter rotary valve";"418M2"
"72";"72";"pg_S1";"variant_0";"pending";"1190.55";"871.0";"1192.0";"871.0";"59d";"26";"= 418";"+ 400A";"";"TEXPAN filter screw conveyor";"418M3";"59d";"26";"= 418";"+ 400A";"";"TEXPAN filter screw conveyor";"418M3"
"73";"73";"pg_S1";"variant_0";"pending";"1190.55";"871.0";"1192.0";"871.0";"61";"26";"= 418";"+ 400A";"forming machine D";"transversal screw conveyor belt";"418M30";"61";"26";"= 418";"+ 400A";"forming machine D";"transversal screw conveyor belt";"418M30"
"74";"74";"pg_S1";"variant_0";"pending";"1190.55";"871.0";"1192.0";"871.0";"62";"26";"= 418";"+ 400A";"forming machine D";"injection screw";"418M31";"62";"26";"= 418";"+ 400A";"forming machine D";"injection screw";"418M31"
"75";"75";"pg_S1";"variant_0";"pending";"1190.55";"871.0";"1192.0";"871.0";"63";"26";"= 418";"+ 400A";"forming machine D";"recycling conveyor";"418M32";"63";"26";"= 418";"+ 400A";"forming machine D";"recycling conveyor";"418M32"
"76";"76";"pg_S1";"variant_0";"pending";"1190.55";"871.0";"1192.0";"871.0";"81";"26";"= 418";"+ 400A";"forming machine D";"recycling screw conveyor";"418M33";"81";"26";"= 418";"+ 400A";"forming machine D";"recycling screw conveyor";"418M33"
"77";"77";"pg_S1";"variant_0";"pending";"1190.55";"871.0";"1192.0";"871.0";"64";"5";"= 420";"+ 400A";"forming line";"forming belt
belt adjustment";"420M1";"64";"5";"= 420";"+ 400A";"forming line";"forming belt
belt adjustment";"420M1"
"78";"78";"pg_S1";"variant_0";"pending";"1190.55";"871.0";"1192.0";"871.0";"65";"5";"= 420";"+ 400A";"forming line";"hogger drive";"420M3";"65";"5";"= 420";"+ 400A";"forming line";"hogger drive";"420M3"
"79";"79";"pg_S1";"variant_0";"pending";"1190.55";"871.0";"1192.0";"871.0";"66";"5";"= 420";"+ 400A";"forming line";"hogger drive";"420M4";"66";"5";"= 420";"+ 400A";"forming line";"hogger drive";"420M4"
"80";"80";"pg_S1";"variant_0";"pending";"1190.55";"871.0";"1192.0";"871.0";"67";"5";"= 420";"+ 400A";"forming line";"HP - pump";"420M9";"67";"5";"= 420";"+ 400A";"forming line";"HP - pump";"420M9"
"81";"81";"pg_S1";"variant_0";"pending";"1190.55";"871.0";"1192.0";"871.0";"68";"5";"= 420";"+ 400A";"forming line";"cleaning brush";"420M15";"68";"5";"= 420";"+ 400A";"forming line";"cleaning brush";"420M15"
"82";"82";"pg_S1";"variant_0";"pending";"1190.55";"871.0";"1192.0";"871.0";"69";"7";"= 421";"+ 400A";"pre - press";"hydraulics
HP - pump";"421M1";"69";"7";"= 421";"+ 400A";"pre - press";"hydraulics
HP - pump";"421M1"
"83";"83";"pg_S1";"variant_0";"pending";"1190.55";"871.0";"1192.0";"871.0";"70";"7";"= 421";"+ 400A";"pre - press";"hydraulics
cooling - fan";"421M2";"70";"7";"= 421";"+ 400A";"pre - press";"hydraulics
cooling - fan";"421M2"
"84";"84";"pg_S1";"variant_0";"pending";"1190.55";"871.0";"1192.0";"871.0";"71";"7";"= 421";"+ 400A";"pre - press";"cleaning brush 1";"421M3";"71";"7";"= 421";"+ 400A";"pre - press";"cleaning brush 1";"421M3"
"85";"85";"pg_S1";"variant_0";"pending";"1190.55";"871.0";"1192.0";"871.0";"71a";"7";"= 421";"+ 400A";"pre - press";"cleaning brush 2";"421M4";"71a";"7";"= 421";"+ 400A";"pre - press";"cleaning brush 2";"421M4"
"86";"86";"pg_S1";"variant_0";"pending";"1190.55";"871.0";"1192.0";"871.0";"71b";"7";"= 421";"+ 400A";"pre - press";"cleaning brush 3";"421M5";"71b";"7";"= 421";"+ 400A";"pre - press";"cleaning brush 3";"421M5"
"87";"87";"pg_S1";"variant_0";"pending";"1190.55";"871.0";"1192.0";"871.0";"71c";"7";"= 421";"+ 400A";"pre - press";"cleaning brush 1 - 2 - 3 421M";"3, 421M4, 421M5";"71c";"7";"= 421";"+ 400A";"pre - press";"cleaning brush 1 - 2 - 3 421M";"3, 421M4, 421M5"
"88";"88";"pg_S1";"variant_0";"pending";"1190.55";"871.0";"1192.0";"871.0";"71d";"7";"= 421";"+ 400A";"pre - press";"belt adjustment
air evacuation belt";"421M13";"71d";"7";"= 421";"+ 400A";"pre - press";"belt adjustment
air evacuation belt";"421M13"
"89";"89";"pg_S1";"variant_0";"pending";"1190.55";"871.0";"1192.0";"871.0";"72";"29";"= 427";"+ 400A";"press hydraulics";"cooling and filtering pump";"427M1.1";"72";"29";"= 427";"+ 400A";"press hydraulics";"cooling and filtering pump";"427M1.1"
"90";"90";"pg_S1";"variant_0";"pending";"1190.55";"871.0";"1192.0";"871.0";"73";"29";"= 427";"+ 400A";"press hydraulics";"fan air cooling";"427M1.2";"73";"29";"= 427";"+ 400A";"press hydraulics";"fan air cooling";"427M1.2"
"91";"91";"pg_S1";"variant_0";"pending";"1190.55";"871.0";"1192.0";"871.0";"74";"29";"= 427";"+ 400A";"press hydraulics";"close shut off valve 60";"spare";"74";"29";"= 427";"+ 400A";"press hydraulics";"close shut off valve 60";"spare"
"92";"92";"pg_S1";"variant_0";"pending";"1190.55";"871.0";"1192.0";"871.0";"75";"29";"= 427";"+ 400A";"press";"hydraulics HP - pump";"427M3";"75";"29";"= 427";"+ 400A";"press";"hydraulics HP - pump";"427M3"
"93";"93";"pg_S1";"variant_0";"pending";"1190.55";"871.0";"1192.0";"871.0";"76";"29";"= 427";"+ 400A";"press";"upper cleaning brush 1";"427M4";"76";"29";"= 427";"+ 400A";"press";"upper cleaning brush 1";"427M4"
"94";"94";"pg_S1";"variant_0";"pending";"1190.55";"871.0";"1192.0";"871.0";"76a";"29";"= 427";"+ 400A";"press";"upper cleaning brush 2";"427M5";"76a";"29";"= 427";"+ 400A";"press";"upper cleaning brush 2";"427M5"
"95";"95";"pg_S1";"variant_0";"pending";"1190.55";"871.0";"1192.0";"871.0";"77";"29";"= 427";"+ 400A";"press hydraulics";"washing pump";"427M8.1";"77";"29";"= 427";"+ 400A";"press hydraulics";"washing pump";"427M8.1"
"96";"96";"pg_S1";"variant_0";"pending";"1190.55";"871.0";"1192.0";"871.0";"78";"29";"= 427";"+ 400A";"press hydraulics";"stop cock 21 close";"427M8.2";"78";"29";"= 427";"+ 400A";"press hydraulics";"stop cock 21 close";"427M8.2"
"97";"97";"pg_S1";"variant_0";"pending";"1190.55";"871.0";"1192.0";"871.0";"79";"29";"= 427";"+ 400A";"press";"exhaust oil mist";"427M23";"79";"29";"= 427";"+ 400A";"press";"exhaust oil mist";"427M23"
"98";"98";"pg_S1";"variant_0";"pending";"1190.55";"871.0";"1192.0";"871.0";"80";"29";"= 427";"+ 400A";"press";"fan air circulation belt lubrication top";"427M24";"80";"29";"= 427";"+ 400A";"press";"fan air circulation belt lubrication top";"427M24"
"99";"99";"pg_S1";"variant_0";"pending";"1190.55";"871.0";"1192.0";"871.0";"81";"29";"= 427";"+ 400A";"press";"fan air circulation belt lubrication top";"427M25";"81";"29";"= 427";"+ 400A";"press";"fan air circulation belt lubrication top";"427M25"
"100";"100";"pg_S1";"variant_0";"pending";"1190.55";"871.0";"1192.0";"871.0";"82";"29";"= 427";"+ 400A";"press";"pump roll rod chain belt lubrication";"427M28";"82";"29";"= 427";"+ 400A";"press";"pump roll rod chain belt lubrication";"427M28"
"101";"101";"pg_S1";"variant_0";"pending";"1190.55";"871.0";"1192.0";"871.0";"83";"29";"= 427";"+ 400A";"press";"pump align and press lubrication of chain";"427M29";"83";"29";"= 427";"+ 400A";"press";"pump align and press lubrication of chain";"427M29"
"102";"102";"pg_S1";"variant_0";"pending";"1190.55";"871.0";"1192.0";"871.0";"84";"29";"= 427";"+ 400A";"press";"belt adjustment
middle belt";"427M30";"84";"29";"= 427";"+ 400A";"press";"belt adjustment
middle belt";"427M30"
"103";"103";"pg_S1";"variant_0";"pending";"1190.55";"871.0";"1192.0";"871.0";"85";"29";"= 427";"+ 400A";"press";"spare";"";"85";"29";"= 427";"+ 400A";"press";"spare";""
"104";"104";"pg_S1";"variant_0";"pending";"1190.55";"871.0";"1192.0";"871.0";"86";"29";"= 427";"+ 400A";"press";"spare";"";"86";"29";"= 427";"+ 400A";"press";"spare";""
"105";"105";"pg_S1";"variant_0";"pending";"1190.55";"871.0";"1192.0";"871.0";"87";"29";"= 427";"+ 400A";"press";"spare";"";"87";"29";"= 427";"+ 400A";"press";"spare";""
"106";"106";"pg_S1";"variant_0";"pending";"1190.55";"871.0";"1192.0";"871.0";"88";"29";"= 427";"+ 400A";"press";"spare";"";"88";"29";"= 427";"+ 400A";"press";"spare";""
"107";"107";"pg_S1";"variant_0";"pending";"1190.55";"871.0";"1192.0";"871.0";"88a";"29";"= 427";"+ 400A";"press";"spare";"";"88a";"29";"= 427";"+ 400A";"press";"spare";""
"108";"108";"pg_S1";"variant_0";"pending";"1190.55";"871.0";"1192.0";"871.0";"88b";"29";"= 427";"+ 400A";"press";"spare";"";"88b";"29";"= 427";"+ 400A";"press";"spare";""
"109";"109";"pg_S1";"variant_0";"pending";"1190.55";"871.0";"1192.0";"871.0";"89";"29";"= 427";"+ 400A";"press";"stop bar adjustment frame 1 - 8 right";"427M301";"89";"29";"= 427";"+ 400A";"press";"stop bar adjustment frame 1 - 8 right";"427M301"
"110";"110";"pg_S1";"variant_0";"pending";"1190.55";"871.0";"1192.0";"871.0";"90";"29";"= 427";"+ 400A";"press";"stop bar adjustment frame 1 - 8 left";"427M302";"90";"29";"= 427";"+ 400A";"press";"stop bar adjustment frame 1 - 8 left";"427M302"
"111";"111";"pg_S1";"variant_0";"pending";"1190.55";"871.0";"1192.0";"871.0";"91";"29";"= 427";"+ 400A";"press";"stop bar adjustment frame 9 - 16 right";"427M303";"91";"29";"= 427";"+ 400A";"press";"stop bar adjustment frame 9 - 16 right";"427M303"
"112";"112";"pg_S1";"variant_0";"pending";"1190.55";"871.0";"1192.0";"871.0";"92";"29";"= 427";"+ 400A";"press";"stop bar adjustment frame 9 - 16 left";"427M304";"92";"29";"= 427";"+ 400A";"press";"stop bar adjustment frame 9 - 16 left";"427M304"
"113";"113";"pg_S1";"variant_0";"pending";"1190.55";"871.0";"1192.0";"871.0";"93";"29";"= 427";"+ 400A";"press";"stop bar adjustment frame 17 - 24 right";"427M305";"93";"29";"= 427";"+ 400A";"press";"stop bar adjustment frame 17 - 24 right";"427M305"
"114";"114";"pg_S1";"variant_0";"pending";"1190.55";"871.0";"1192.0";"871.0";"94";"29";"= 427";"+ 400A";"press";"stop bar adjustment frame 17 - 24 left";"427M306";"94";"29";"= 427";"+ 400A";"press";"stop bar adjustment frame 17 - 24 left";"427M306"
"115";"115";"pg_S1";"variant_0";"pending";"1190.55";"871.0";"1192.0";"871.0";"94a";"29";"= 427";"+ 400A";"press";"stop bar adjustment frame 25 - 33 right";"427M307";"94a";"29";"= 427";"+ 400A";"press";"stop bar adjustment frame 25 - 33 right";"427M307"
"116";"116";"pg_S1";"variant_0";"pending";"1190.55";"871.0";"1192.0";"871.0";"94b";"29";"= 427";"+ 400A";"press";"stop bar adjustment frame 25 - 33 left";"427M308";"94b";"29";"= 427";"+ 400A";"press";"stop bar adjustment frame 25 - 33 left";"427M308"
"117";"117";"pg_S1";"variant_0";"pending";"1190.55";"871.0";"1192.0";"871.0";"100";"29";"= 427";"+ 400A";"press";"central hydraulic band control";"427M?";"100";"29";"= 427";"+ 400A";"press";"central hydraulic band control";"427M?"
"118";"118";"pg_S1";"variant_0";"pending";"1190.55";"871.0";"1192.0";"871.0";"95";"4";"= 442";"+ 400A";"trim saw";"right hand side in front
spare";"442M1";"95";"4";"= 442";"+ 400A";"trim saw";"right hand side in front
spare";"442M1"
"119";"119";"pg_S1";"variant_0";"pending";"1190.55";"871.0";"1192.0";"871.0";"96";"4";"= 442";"+ 400A";"trim saw";"right hand side at rear
spare";"442M2";"96";"4";"= 442";"+ 400A";"trim saw";"right hand side at rear
spare";"442M2"
"120";"120";"pg_S1";"variant_0";"pending";"1190.55";"871.0";"1192.0";"871.0";"97";"4";"= 442";"+ 400A";"trim saw";"left hand side in front
spare";"442M3";"97";"4";"= 442";"+ 400A";"trim saw";"left hand side in front
spare";"442M3"
"121";"121";"pg_S1";"variant_0";"pending";"1190.55";"871.0";"1192.0";"871.0";"98";"4";"= 442";"+ 400A";"trim saw";"left hand side at rear
spare";"442M4";"98";"4";"= 442";"+ 400A";"trim saw";"left hand side at rear
spare";"442M4"
"122";"122";"pg_S1";"variant_0";"pending";"1190.55";"871.0";"1192.0";"871.0";"99";"1";"= 447";"+ 400A";"";"roller conveyor
spare";"447M1";"99";"1";"= 447";"+ 400A";"";"roller conveyor
spare";"447M1"
"123";"123";"pg_S1";"variant_0";"pending";"1190.55";"871.0";"1192.0";"871.0";"100";"1";"= 448";"+ 400A";"";"roller conveyor
spare";"448M1";"100";"1";"= 448";"+ 400A";"";"roller conveyor
spare";"448M1"
"124";"124";"pg_S1";"variant_0";"pending";"1190.55";"871.0";"1192.0";"871.0";"3";"21";"= 414";"+ 400H10";"forming machine C";"illumination & sockets";"";"3";"21";"= 414";"+ 400H10";"forming machine C";"illumination & sockets";""
"125";"125";"pg_S1";"variant_0";"pending";"1190.55";"871.0";"1192.0";"871.0";"4";"21";"= 414";"+ 400H10";"";"power supply";"";"4";"21";"= 414";"+ 400H10";"";"power supply";""
"126";"126";"pg_S1";"variant_0";"pending";"1190.55";"871.0";"1192.0";"871.0";"98";"21";"= 414";"+ 400H10";"forming machine C";"transport belt to matformer C";"414M01";"98";"21";"= 414";"+ 400H10";"forming machine C";"transport belt to matformer C";"414M01"
"127";"127";"pg_S1";"variant_0";"pending";"1190.55";"871.0";"1192.0";"871.0";"99";"21";"= 414";"+ 400H10";"forming machine C";"transport belt ??";"414M02";"99";"21";"= 414";"+ 400H10";"forming machine C";"transport belt ??";"414M02"
"128";"128";"pg_S1";"variant_0";"pending";"1190.55";"871.0";"1192.0";"871.0";"100";"21";"= 414";"+ 400H10";"forming machine C";"pinned roll";"414M3";"100";"21";"= 414";"+ 400H10";"forming machine C";"pinned roll";"414M3"
"129";"129";"pg_S1";"variant_0";"pending";"1190.55";"871.0";"1192.0";"871.0";"101";"21";"= 414";"+ 400H10";"forming machine C";"pinned roll";"414M3";"101";"21";"= 414";"+ 400H10";"forming machine C";"pinned roll";"414M3"
"130";"130";"pg_S1";"variant_0";"pending";"1190.55";"871.0";"1192.0";"871.0";"103";"21";"= 414";"+ 400H10";"forming machine C";"cage type roller conveyor";"414M5, 414M6";"103";"21";"= 414";"+ 400H10";"forming machine C";"cage type roller conveyor";"414M5, 414M6"
"131";"131";"pg_S1";"variant_0";"pending";"1190.55";"871.0";"1192.0";"871.0";"104";"21";"= 414";"+ 400H10";"forming machine C";"cage type roller conveyor";"414M5, 414M6";"104";"21";"= 414";"+ 400H10";"forming machine C";"cage type roller conveyor";"414M5, 414M6"
"132";"132";"pg_S1";"variant_0";"pending";"1190.55";"871.0";"1192.0";"871.0";"106";"21";"= 414";"+ 400H10";"forming machine C";"cage type roller conveyor";"414M7, 414M8";"106";"21";"= 414";"+ 400H10";"forming machine C";"cage type roller conveyor";"414M7, 414M8"
"133";"133";"pg_S1";"variant_0";"pending";"1190.55";"871.0";"1192.0";"871.0";"107";"21";"= 414";"+ 400H10";"forming machine C";"cage type roller conveyor";"414M7, 414M8";"107";"21";"= 414";"+ 400H10";"forming machine C";"cage type roller conveyor";"414M7, 414M8"
"134";"134";"pg_S1";"variant_0";"pending";"1190.55";"871.0";"1192.0";"871.0";"109";"21";"= 414";"+ 400H10";"forming machine C";"dosing belt cleaning brush";"414M10";"109";"21";"= 414";"+ 400H10";"forming machine C";"dosing belt cleaning brush";"414M10"
"135";"135";"pg_S1";"variant_0";"pending";"1190.55";"871.0";"1192.0";"871.0";"110";"21";"= 414";"+ 400H10";"forming machine C";"rotary combs";"414M11";"110";"21";"= 414";"+ 400H10";"forming machine C";"rotary combs";"414M11"
"136";"136";"pg_S1";"variant_0";"pending";"1190.55";"871.0";"1192.0";"871.0";"111";"21";"= 414";"+ 400H10";"forming machine C";"pinned roll";"414M13";"111";"21";"= 414";"+ 400H10";"forming machine C";"pinned roll";"414M13"
"137";"137";"pg_S1";"variant_0";"pending";"1190.55";"871.0";"1192.0";"871.0";"112";"21";"= 414";"+ 400H10";"forming machine C";"distribution belt left";"414M15";"112";"21";"= 414";"+ 400H10";"forming machine C";"distribution belt left";"414M15"
"138";"138";"pg_S1";"variant_0";"pending";"1190.55";"871.0";"1192.0";"871.0";"113";"21";"= 414";"+ 400H10";"forming machine C";"distribution belt right";"414M16";"113";"21";"= 414";"+ 400H10";"forming machine C";"distribution belt right";"414M16"
"139";"139";"pg_S1";"variant_0";"pending";"1190.55";"871.0";"1192.0";"871.0";"114";"21";"= 414";"+ 400H10";"forming machine C";"transverse belt";"414M17";"114";"21";"= 414";"+ 400H10";"forming machine C";"transverse belt";"414M17"
"140";"140";"pg_S1";"variant_0";"pending";"1190.55";"871.0";"1192.0";"871.0";"115";"21";"= 414";"+ 400H10";"forming machine C";"transverse belt";"414M17";"115";"21";"= 414";"+ 400H10";"forming machine C";"transverse belt";"414M17"
"141";"141";"pg_S1";"variant_0";"pending";"1190.55";"871.0";"1192.0";"871.0";"116";"21";"= 414";"+ 400H10";"forming machine C";"fast disks rolls";"414M20";"116";"21";"= 414";"+ 400H10";"forming machine C";"fast disks rolls";"414M20"
"142";"142";"pg_S1";"variant_0";"pending";"1190.55";"871.0";"1192.0";"871.0";"117";"21";"= 414";"+ 400H10";"forming machine C";"slow disks rolls";"414M21";"117";"21";"= 414";"+ 400H10";"forming machine C";"slow disks rolls";"414M21"
"143";"143";"pg_S1";"variant_0";"pending";"1190.55";"871.0";"1192.0";"871.0";"118";"21";"= 414";"+ 400H10";"forming machine C";"transport belt";"422M11";"118";"21";"= 414";"+ 400H10";"forming machine C";"transport belt";"422M11"
"144";"144";"pg_S1";"variant_0";"pending";"1190.55";"871.0";"1192.0";"871.0";"119";"21";"= 414";"+ 400H10";"forming machine C";"transport belt cleaning brush";"414M26";"119";"21";"= 414";"+ 400H10";"forming machine C";"transport belt cleaning brush";"414M26"
"145";"145";"pg_S1";"variant_0";"pending";"1190.55";"871.0";"1192.0";"871.0";"763";"2";"= 763";"+ ???";"";"band spraying infeed";"";"763";"2";"= 763";"+ ???";"";"band spraying infeed";""
"146";"146";"pg_S1";"variant_0";"pending";"1190.55";"871.0";"1192.0";"871.0";"764";"2";"= 763";"+ ???";"";"band spraying infeed";"";"764";"2";"= 763";"+ ???";"";"band spraying infeed";""
"147";"147";"pg_S1";"variant_0";"pending";"1190.55";"871.0";"1192.0";"871.0";"1";"18";"= RES";"+ 400A";"";"reserve terminals +400A";"";"1";"18";"= RES";"+ 400A";"";"reserve terminals +400A";""
"148";"148";"pg_S1";"variant_0";"pending";"1190.55";"871.0";"1192.0";"871.0";"3";"18";"= RES";"+ 400A";"";"reserve terminals +400A";"";"3";"18";"= RES";"+ 400A";"";"reserve terminals +400A";""
"149";"149";"pg_S1";"variant_0";"pending";"1190.55";"871.0";"1192.0";"871.0";"4";"18";"= RES";"+ 400A";"";"reserve terminals +400A";"";"4";"18";"= RES";"+ 400A";"";"reserve terminals +400A";""
"150";"150";"pg_S1";"variant_0";"pending";"1190.55";"871.0";"1192.0";"871.0";"5";"18";"= RES";"+ 400H11";"";"reserve terminals +400H11";"";"5";"18";"= RES";"+ 400H11";"";"reserve terminals +400H11";""
"151";"151";"pg_S1";"variant_0";"pending";"1190.55";"871.0";"1192.0";"871.0";"7";"18";"= RES";"+ A2";"";"reserve terminals +A2";"";"7";"18";"= RES";"+ A2";"";"reserve terminals +A2";""
"152";"152";"pg_S1";"variant_0";"pending";"1190.55";"871.0";"1192.0";"871.0";"8";"18";"= RES";"+ A3";"";"reserve terminals +A3";"";"8";"18";"= RES";"+ A3";"";"reserve terminals +A3";""
"153";"153";"pg_S1";"variant_0";"pending";"1190.55";"871.0";"1192.0";"871.0";"11";"18";"= RES";"+ B2";"";"reserve terminals +B2";"";"11";"18";"= RES";"+ B2";"";"reserve terminals +B2";""
"154";"154";"pg_S1";"variant_0";"pending";"1190.55";"871.0";"1192.0";"871.0";"13";"18";"= RES";"+ B4";"";"reserve terminals +B4";"";"13";"18";"= RES";"+ B4";"";"reserve terminals +B4";""
"155";"155";"pg_S1";"variant_0";"pending";"1190.55";"871.0";"1192.0";"871.0";"15";"18";"= RES";"+ C2";"";"reserve terminals +C2";"";"15";"18";"= RES";"+ C2";"";"reserve terminals +C2";""
"156";"156";"pg_S1";"variant_0";"pending";"1190.55";"871.0";"1192.0";"871.0";"16";"18";"= RES";"+ C3";"";"reserve terminals +C3";"";"16";"18";"= RES";"+ C3";"";"reserve terminals +C3";""
"157";"157";"pg_S1";"variant_0";"pending";"1190.55";"871.0";"1192.0";"871.0";"17";"18";"= RES";"+ C4";"";"reserve terminals +C4";"";"17";"18";"= RES";"+ C4";"";"reserve terminals +C4";""
"158";"158";"pg_S1";"variant_0";"pending";"1190.55";"871.0";"1192.0";"871.0";"18";"18";"= RES";"+ C5";"";"reserve terminals +C5";"";"18";"18";"= RES";"+ C5";"";"reserve terminals +C5";""
"159";"159";"pg_S1";"variant_0";"pending";"1190.55";"871.0";"1192.0";"871.0";"19";"18";"= RES";"+ D1";"";"reserve terminals +D1";"";"19";"18";"= RES";"+ D1";"";"reserve terminals +D1";""
"160";"160";"pg_S1";"variant_0";"pending";"1190.55";"871.0";"1192.0";"871.0";"20";"18";"= RES";"+ D2";"";"reserve terminals +D2";"";"20";"18";"= RES";"+ D2";"";"reserve terminals +D2";""
"161";"161";"pg_S1";"variant_0";"pending";"1190.55";"871.0";"1192.0";"871.0";"21";"18";"= RES";"+ D3";"";"reserve terminals +D3";"";"21";"18";"= RES";"+ D3";"";"reserve terminals +D3";""
"162";"162";"pg_S1";"variant_0";"pending";"1190.55";"871.0";"1192.0";"871.0";"22";"18";"= RES";"+ D4";"";"reserve terminals +D4";"";"22";"18";"= RES";"+ D4";"";"reserve terminals +D4";""
"163";"163";"pg_S1";"variant_0";"pending";"1190.55";"871.0";"1192.0";"871.0";"25";"18";"= RES";"+ TEXPAN BOX";"";"reserve terminals +TEXPAN BOX";"";"25";"18";"= RES";"+ TEXPAN BOX";"";"reserve terminals +TEXPAN BOX";""
